id,quantity,created_at,id,productname,buying_price,stock_quantity,new_sp,profit,Sales
1,5.0,2023-09-19 20:22:46.287758,1,omo,126.0,50,157.0,157.0,31.0
2,12.0,2023-09-19 20:23:05.892884,2,barsoap,62.0,100,78.0,186.0,16.0
3,50.0,2023-09-19 20:23:16.166891,3,tissues,30.0,2000,38.0,375.0,8.0
4,4.0,2023-07-13 17:41:00.000000,28,"Pasta - Penne, Rigate, Dry",22.0,9,28.0,25.0,6.0
5,2.0,2023-04-03 00:38:47.000000,3,tissues,30.0,2000,38.0,13.0,8.0
6,3.0,2023-07-05 09:01:28.000000,17,"Nut - Walnut, Chopped",28.0,8,35.0,20.0,7.0
7,5.0,2022-09-25 07:43:27.000000,12,Cabbage - Green,25.0,2,31.0,30.0,6.0
8,4.0,2022-12-30 07:09:30.000000,5,rice,450.0,100,562.0,442.0,112.0
9,4.0,2023-01-17 21:09:44.000000,9,"Wine - White, Concha Y Toro",38.0,2,47.0,38.0,9.0
10,1.0,2023-08-25 05:35:36.000000,19,Fennel,91.0,9,114.0,27.0,23.0
11,5.0,2023-01-18 19:03:31.000000,24,Ice Cream Bar - Oreo Sandwich,42.0,7,53.0,53.0,11.0
12,2.0,2023-06-26 11:09:38.000000,19,Fennel,91.0,9,114.0,50.0,23.0
13,4.0,2022-12-27 16:45:47.000000,5,rice,450.0,100,562.0,462.0,112.0
14,4.0,2023-07-03 02:19:29.000000,12,Cabbage - Green,25.0,2,31.0,28.0,6.0
15,4.0,2023-06-27 14:42:56.000000,30,Cake - Pancake,63.0,6,79.0,67.0,16.0
16,2.0,2023-06-30 20:44:30.000000,1,omo,126.0,50,157.0,77.0,31.0
17,5.0,2023-01-18 06:22:00.000000,19,Fennel,91.0,9,114.0,107.0,23.0
18,5.0,2022-12-18 21:58:45.000000,28,"Pasta - Penne, Rigate, Dry",22.0,9,28.0,28.0,6.0
19,2.0,2022-11-28 08:59:00.000000,15,Juice - Ocean Spray Kiwi,80.0,4,100.0,42.0,20.0
20,5.0,2023-09-17 11:22:31.000000,10,"Lemonade - Mandarin, 591 Ml",44.0,4,55.0,52.0,11.0
21,3.0,2023-01-01 22:32:05.000000,30,Cake - Pancake,63.0,6,79.0,49.0,16.0
22,2.0,2022-11-04 22:34:11.000000,27,"Lamb - Leg, Bone In",78.0,8,97.0,41.0,19.0
23,1.0,2022-10-13 02:24:27.000000,19,Fennel,91.0,9,114.0,31.0,23.0
24,3.0,2023-03-26 14:25:12.000000,20,Zucchini - Green,60.0,2,75.0,37.0,15.0
25,3.0,2023-05-28 03:37:54.000000,8,Rabbit - Saddles,93.0,6,116.0,64.0,23.0
26,1.0,2023-04-02 08:01:08.000000,27,"Lamb - Leg, Bone In",78.0,8,97.0,28.0,19.0
27,3.0,2022-12-08 04:53:27.000000,16,Kale - Red,88.0,7,110.0,74.0,22.0
28,5.0,2023-04-07 16:37:03.000000,4,sweets,20.0,1000,25.0,25.0,5.0
29,3.0,2022-10-13 06:06:34.000000,16,Kale - Red,88.0,7,110.0,60.0,22.0
30,4.0,2022-12-13 16:42:21.000000,4,sweets,20.0,1000,25.0,21.0,5.0
31,2.0,2023-03-02 11:36:47.000000,24,Ice Cream Bar - Oreo Sandwich,42.0,7,53.0,21.0,11.0
32,5.0,2022-12-08 09:41:51.000000,18,Milk - Condensed,99.0,1,123.0,122.0,24.0
33,4.0,2023-02-18 22:41:27.000000,11,Icecream Cone - Areo Chocolate,31.0,3,39.0,34.0,8.0
34,5.0,2023-09-03 08:52:19.000000,23,Compound - Mocha,28.0,1,34.0,34.0,6.0
35,5.0,2022-10-26 18:48:22.000000,5,rice,450.0,100,562.0,508.0,112.0
36,4.0,2023-03-14 21:29:26.000000,25,Pepper - Pablano,17.0,1,22.0,19.0,5.0
37,2.0,2023-01-22 04:55:10.000000,2,barsoap,62.0,100,78.0,24.0,16.0
38,2.0,2022-09-23 23:34:18.000000,5,rice,450.0,100,562.0,198.0,112.0
39,2.0,2022-10-08 00:30:35.000000,10,"Lemonade - Mandarin, 591 Ml",44.0,4,55.0,19.0,11.0
40,2.0,2022-11-23 21:50:18.000000,25,Pepper - Pablano,17.0,1,22.0,8.0,5.0
41,2.0,2022-11-07 23:44:38.000000,28,"Pasta - Penne, Rigate, Dry",22.0,9,28.0,10.0,6.0
42,2.0,2023-09-07 08:42:37.000000,5,rice,450.0,100,562.0,256.0,112.0
43,4.0,2023-09-02 09:10:54.000000,29,Salmon Atl.whole 8 - 10 Lb,49.0,6,61.0,45.0,12.0
44,4.0,2022-12-07 06:27:46.000000,23,Compound - Mocha,28.0,1,34.0,26.0,6.0
45,5.0,2023-09-12 15:43:38.000000,30,Cake - Pancake,63.0,6,79.0,76.0,16.0
46,5.0,2023-01-16 13:17:26.000000,24,Ice Cream Bar - Oreo Sandwich,42.0,7,53.0,47.0,11.0
47,1.0,2023-08-29 19:33:45.000000,14,Wine - Conde De Valdemar,79.0,1,99.0,28.0,20.0
48,1.0,2022-11-28 05:14:52.000000,25,Pepper - Pablano,17.0,1,22.0,6.0,5.0
49,5.0,2023-01-02 04:25:43.000000,2,barsoap,62.0,100,78.0,76.0,16.0
50,4.0,2023-03-19 06:38:23.000000,23,Compound - Mocha,28.0,1,34.0,29.0,6.0
51,2.0,2023-03-16 16:36:34.000000,7,Swiss Chard,85.0,6,106.0,52.0,21.0
52,3.0,2022-11-22 21:19:43.000000,13,Pork - European Side Bacon,88.0,4,110.0,69.0,22.0
53,5.0,2023-02-20 08:35:01.000000,8,Rabbit - Saddles,93.0,6,116.0,114.0,23.0
54,1.0,2023-02-17 21:09:41.000000,28,"Pasta - Penne, Rigate, Dry",22.0,9,28.0,8.0,6.0
55,4.0,2023-06-29 16:44:19.000000,16,Kale - Red,88.0,7,110.0,98.0,22.0
56,3.0,2023-04-02 15:54:16.000000,8,Rabbit - Saddles,93.0,6,116.0,72.0,23.0
57,3.0,2022-09-23 11:10:46.000000,27,"Lamb - Leg, Bone In",78.0,8,97.0,58.0,19.0
58,4.0,2022-12-16 07:40:18.000000,7,Swiss Chard,85.0,6,106.0,84.0,21.0
59,1.0,2023-03-18 16:43:24.000000,1,omo,126.0,50,157.0,41.0,31.0
60,4.0,2023-07-17 22:38:22.000000,9,"Wine - White, Concha Y Toro",38.0,2,47.0,35.0,9.0
61,1.0,2023-06-30 10:15:04.000000,30,Cake - Pancake,63.0,6,79.0,17.0,16.0
62,5.0,2023-03-09 18:54:35.000000,6,Nantucket Cranberry Juice,19.0,9,24.0,24.0,5.0
63,1.0,2022-11-30 12:56:40.000000,2,barsoap,62.0,100,78.0,17.0,16.0
64,2.0,2022-10-14 11:04:52.000000,23,Compound - Mocha,28.0,1,34.0,13.0,6.0
65,3.0,2023-05-14 10:27:55.000000,14,Wine - Conde De Valdemar,79.0,1,99.0,50.0,20.0
66,2.0,2023-09-02 22:13:06.000000,10,"Lemonade - Mandarin, 591 Ml",44.0,4,55.0,26.0,11.0
67,2.0,2023-04-24 04:19:06.000000,26,Neckerchief Blck,85.0,9,106.0,42.0,21.0
68,2.0,2023-07-10 19:08:25.000000,21,Cheese - Sheep Milk,16.0,2,20.0,7.0,4.0
69,4.0,2022-10-25 13:29:42.000000,28,"Pasta - Penne, Rigate, Dry",22.0,9,28.0,21.0,6.0
70,1.0,2023-03-03 01:20:37.000000,23,Compound - Mocha,28.0,1,34.0,9.0,6.0
71,2.0,2023-02-05 08:49:55.000000,24,Ice Cream Bar - Oreo Sandwich,42.0,7,53.0,16.0,11.0
72,4.0,2023-05-23 17:46:40.000000,17,"Nut - Walnut, Chopped",28.0,8,35.0,31.0,7.0
73,2.0,2023-03-02 06:34:59.000000,21,Cheese - Sheep Milk,16.0,2,20.0,10.0,4.0
74,2.0,2023-04-24 13:54:14.000000,5,rice,450.0,100,562.0,245.0,112.0
75,4.0,2022-10-08 05:40:24.000000,29,Salmon Atl.whole 8 - 10 Lb,49.0,6,61.0,51.0,12.0
76,2.0,2022-10-11 02:09:18.000000,25,Pepper - Pablano,17.0,1,22.0,8.0,5.0
77,2.0,2023-07-03 22:28:37.000000,18,Milk - Condensed,99.0,1,123.0,48.0,24.0
78,1.0,2023-05-16 01:18:40.000000,15,Juice - Ocean Spray Kiwi,80.0,4,100.0,26.0,20.0
79,2.0,2023-01-16 08:50:20.000000,11,Icecream Cone - Areo Chocolate,31.0,3,39.0,18.0,8.0
80,4.0,2023-01-03 22:41:12.000000,15,Juice - Ocean Spray Kiwi,80.0,4,100.0,90.0,20.0
81,1.0,2023-05-28 11:45:42.000000,2,barsoap,62.0,100,78.0,16.0,16.0
82,3.0,2023-05-22 06:02:21.000000,15,Juice - Ocean Spray Kiwi,80.0,4,100.0,56.0,20.0
83,5.0,2022-10-08 18:28:10.000000,1,omo,126.0,50,157.0,147.0,31.0
84,5.0,2022-10-30 09:50:15.000000,28,"Pasta - Penne, Rigate, Dry",22.0,9,28.0,28.0,6.0
85,5.0,2023-09-06 06:18:30.000000,9,"Wine - White, Concha Y Toro",38.0,2,47.0,46.0,9.0
86,2.0,2022-12-04 03:23:49.000000,19,Fennel,91.0,9,114.0,46.0,23.0
87,4.0,2023-08-19 21:04:47.000000,21,Cheese - Sheep Milk,16.0,2,20.0,14.0,4.0
88,3.0,2023-01-25 17:18:01.000000,17,"Nut - Walnut, Chopped",28.0,8,35.0,19.0,7.0
89,5.0,2023-02-20 05:15:54.000000,28,"Pasta - Penne, Rigate, Dry",22.0,9,28.0,27.0,6.0
90,4.0,2022-10-07 05:27:04.000000,21,Cheese - Sheep Milk,16.0,2,20.0,15.0,4.0
91,3.0,2022-11-25 07:08:10.000000,14,Wine - Conde De Valdemar,79.0,1,99.0,59.0,20.0
92,5.0,2023-02-11 06:53:06.000000,11,Icecream Cone - Areo Chocolate,31.0,3,39.0,37.0,8.0
93,2.0,2023-06-16 23:50:44.000000,6,Nantucket Cranberry Juice,19.0,9,24.0,11.0,5.0
94,5.0,2023-03-14 05:27:06.000000,16,Kale - Red,88.0,7,110.0,107.0,22.0
95,4.0,2022-09-29 04:38:48.000000,15,Juice - Ocean Spray Kiwi,80.0,4,100.0,83.0,20.0
96,3.0,2022-09-24 20:42:03.000000,5,rice,450.0,100,562.0,318.0,112.0
97,5.0,2023-01-27 01:11:58.000000,25,Pepper - Pablano,17.0,1,22.0,20.0,5.0
98,4.0,2022-10-04 04:49:00.000000,27,"Lamb - Leg, Bone In",78.0,8,97.0,82.0,19.0
99,4.0,2022-10-11 08:59:19.000000,23,Compound - Mocha,28.0,1,34.0,29.0,6.0
100,1.0,2023-01-31 07:59:45.000000,22,Cardamon Ground,32.0,10,40.0,10.0,8.0
101,3.0,2023-06-01 23:49:19.000000,13,Pork - European Side Bacon,88.0,4,110.0,74.0,22.0
102,2.0,2023-04-28 08:36:07.000000,7,Swiss Chard,85.0,6,106.0,53.0,21.0
103,4.0,2022-09-27 14:50:40.000000,13,Pork - European Side Bacon,88.0,4,110.0,82.0,22.0
104,2.0,2023-08-20 21:46:03.000000,1,omo,126.0,50,157.0,74.0,31.0
105,1.0,2023-03-27 01:30:50.000000,29,Salmon Atl.whole 8 - 10 Lb,49.0,6,61.0,15.0,12.0
106,3.0,2023-07-13 02:42:46.000000,14,Wine - Conde De Valdemar,79.0,1,99.0,56.0,20.0
107,5.0,2023-05-07 02:46:42.000000,5,rice,450.0,100,562.0,512.0,112.0
108,2.0,2023-06-01 22:41:51.000000,7,Swiss Chard,85.0,6,106.0,39.0,21.0
109,1.0,2022-11-13 20:40:10.000000,15,Juice - Ocean Spray Kiwi,80.0,4,100.0,28.0,20.0
110,4.0,2022-10-06 20:21:19.000000,28,"Pasta - Penne, Rigate, Dry",22.0,9,28.0,21.0,6.0
111,2.0,2023-08-15 18:30:31.000000,25,Pepper - Pablano,17.0,1,22.0,9.0,5.0
112,4.0,2023-01-28 18:10:04.000000,22,Cardamon Ground,32.0,10,40.0,30.0,8.0
113,4.0,2023-01-17 17:09:33.000000,10,"Lemonade - Mandarin, 591 Ml",44.0,4,55.0,48.0,11.0
114,2.0,2023-05-02 04:46:53.000000,10,"Lemonade - Mandarin, 591 Ml",44.0,4,55.0,22.0,11.0
115,4.0,2022-11-25 16:55:16.000000,24,Ice Cream Bar - Oreo Sandwich,42.0,7,53.0,47.0,11.0
116,4.0,2023-05-10 00:04:20.000000,20,Zucchini - Green,60.0,2,75.0,57.0,15.0
117,4.0,2022-12-07 21:45:20.000000,23,Compound - Mocha,28.0,1,34.0,29.0,6.0
118,3.0,2023-05-31 21:37:37.000000,10,"Lemonade - Mandarin, 591 Ml",44.0,4,55.0,28.0,11.0
119,3.0,2023-08-17 08:33:12.000000,14,Wine - Conde De Valdemar,79.0,1,99.0,64.0,20.0
120,2.0,2022-09-29 20:15:23.000000,12,Cabbage - Green,25.0,2,31.0,13.0,6.0
121,2.0,2023-02-21 09:01:50.000000,1,omo,126.0,50,157.0,71.0,31.0
122,3.0,2023-06-19 08:06:05.000000,7,Swiss Chard,85.0,6,106.0,57.0,21.0
123,3.0,2022-10-06 09:54:00.000000,9,"Wine - White, Concha Y Toro",38.0,2,47.0,26.0,9.0
124,3.0,2022-12-25 01:33:12.000000,9,"Wine - White, Concha Y Toro",38.0,2,47.0,28.0,9.0
125,4.0,2023-07-29 00:39:09.000000,5,rice,450.0,100,562.0,460.0,112.0
126,4.0,2023-05-10 08:54:49.000000,19,Fennel,91.0,9,114.0,98.0,23.0
127,3.0,2023-08-07 09:44:27.000000,28,"Pasta - Penne, Rigate, Dry",22.0,9,28.0,19.0,6.0
128,2.0,2023-03-05 06:34:24.000000,8,Rabbit - Saddles,93.0,6,116.0,58.0,23.0
129,3.0,2023-01-31 20:29:47.000000,13,Pork - European Side Bacon,88.0,4,110.0,61.0,22.0
130,1.0,2023-02-09 18:24:56.000000,23,Compound - Mocha,28.0,1,34.0,7.0,6.0
131,3.0,2023-08-10 18:40:09.000000,26,Neckerchief Blck,85.0,9,106.0,61.0,21.0
132,2.0,2023-09-07 16:51:24.000000,25,Pepper - Pablano,17.0,1,22.0,8.0,5.0
133,4.0,2023-09-17 02:09:55.000000,16,Kale - Red,88.0,7,110.0,82.0,22.0
134,4.0,2023-06-12 08:21:30.000000,6,Nantucket Cranberry Juice,19.0,9,24.0,21.0,5.0
135,2.0,2023-06-08 17:41:21.000000,27,"Lamb - Leg, Bone In",78.0,8,97.0,43.0,19.0
136,2.0,2022-11-02 16:56:02.000000,29,Salmon Atl.whole 8 - 10 Lb,49.0,6,61.0,29.0,12.0
137,4.0,2022-12-18 12:48:46.000000,27,"Lamb - Leg, Bone In",78.0,8,97.0,76.0,19.0
138,4.0,2023-09-11 14:07:18.000000,17,"Nut - Walnut, Chopped",28.0,8,35.0,30.0,7.0
139,4.0,2022-11-08 06:42:44.000000,4,sweets,20.0,1000,25.0,18.0,5.0
140,5.0,2023-06-24 04:37:20.000000,9,"Wine - White, Concha Y Toro",38.0,2,47.0,45.0,9.0
141,3.0,2022-11-07 02:14:34.000000,6,Nantucket Cranberry Juice,19.0,9,24.0,15.0,5.0
142,1.0,2023-03-15 04:09:06.000000,15,Juice - Ocean Spray Kiwi,80.0,4,100.0,28.0,20.0
143,1.0,2023-05-25 00:44:33.000000,23,Compound - Mocha,28.0,1,34.0,8.0,6.0
144,4.0,2023-01-02 20:13:19.000000,21,Cheese - Sheep Milk,16.0,2,20.0,17.0,4.0
145,1.0,2023-02-22 17:31:34.000000,10,"Lemonade - Mandarin, 591 Ml",44.0,4,55.0,12.0,11.0
146,2.0,2023-05-25 01:00:44.000000,3,tissues,30.0,2000,38.0,16.0,8.0
147,4.0,2022-10-06 03:21:54.000000,19,Fennel,91.0,9,114.0,86.0,23.0
148,3.0,2023-09-10 11:57:51.000000,25,Pepper - Pablano,17.0,1,22.0,14.0,5.0
149,3.0,2023-03-24 11:25:20.000000,7,Swiss Chard,85.0,6,106.0,60.0,21.0
150,2.0,2022-11-08 02:45:05.000000,12,Cabbage - Green,25.0,2,31.0,11.0,6.0
151,1.0,2023-01-07 01:45:23.000000,24,Ice Cream Bar - Oreo Sandwich,42.0,7,53.0,14.0,11.0
152,5.0,2022-10-21 21:11:52.000000,9,"Wine - White, Concha Y Toro",38.0,2,47.0,44.0,9.0
153,3.0,2023-03-31 02:00:05.000000,21,Cheese - Sheep Milk,16.0,2,20.0,11.0,4.0
154,4.0,2022-12-22 04:58:09.000000,23,Compound - Mocha,28.0,1,34.0,25.0,6.0
155,4.0,2023-09-02 11:55:37.000000,19,Fennel,91.0,9,114.0,100.0,23.0
156,2.0,2022-12-17 22:48:25.000000,8,Rabbit - Saddles,93.0,6,116.0,55.0,23.0
157,4.0,2023-05-16 20:36:41.000000,13,Pork - European Side Bacon,88.0,4,110.0,93.0,22.0
158,2.0,2023-08-11 00:52:41.000000,19,Fennel,91.0,9,114.0,41.0,23.0
159,3.0,2023-01-12 00:08:08.000000,2,barsoap,62.0,100,78.0,41.0,16.0
160,3.0,2022-10-25 14:27:27.000000,16,Kale - Red,88.0,7,110.0,66.0,22.0
161,3.0,2023-06-19 05:29:45.000000,14,Wine - Conde De Valdemar,79.0,1,99.0,67.0,20.0
162,3.0,2023-03-26 06:40:12.000000,16,Kale - Red,88.0,7,110.0,74.0,22.0
163,4.0,2022-10-26 22:48:43.000000,28,"Pasta - Penne, Rigate, Dry",22.0,9,28.0,23.0,6.0
164,3.0,2023-03-17 11:44:32.000000,15,Juice - Ocean Spray Kiwi,80.0,4,100.0,56.0,20.0
165,2.0,2023-08-12 04:12:45.000000,2,barsoap,62.0,100,78.0,32.0,16.0
166,2.0,2023-07-19 12:36:57.000000,3,tissues,30.0,2000,38.0,18.0,8.0
167,2.0,2023-09-16 16:55:22.000000,5,rice,450.0,100,562.0,171.0,112.0
168,2.0,2022-11-18 11:15:05.000000,3,tissues,30.0,2000,38.0,12.0,8.0
169,5.0,2023-03-11 13:53:20.000000,23,Compound - Mocha,28.0,1,34.0,32.0,6.0
170,2.0,2023-04-09 21:37:13.000000,24,Ice Cream Bar - Oreo Sandwich,42.0,7,53.0,23.0,11.0
171,4.0,2022-09-24 19:53:52.000000,24,Ice Cream Bar - Oreo Sandwich,42.0,7,53.0,41.0,11.0
172,2.0,2023-01-16 04:04:29.000000,18,Milk - Condensed,99.0,1,123.0,58.0,24.0
173,2.0,2022-09-30 06:28:58.000000,18,Milk - Condensed,99.0,1,123.0,56.0,24.0
174,1.0,2023-01-17 02:47:20.000000,15,Juice - Ocean Spray Kiwi,80.0,4,100.0,24.0,20.0
175,4.0,2023-04-28 02:00:55.000000,22,Cardamon Ground,32.0,10,40.0,35.0,8.0
176,5.0,2023-04-17 20:53:51.000000,13,Pork - European Side Bacon,88.0,4,110.0,102.0,22.0
177,2.0,2023-02-03 21:18:14.000000,27,"Lamb - Leg, Bone In",78.0,8,97.0,38.0,19.0
178,3.0,2022-12-19 22:20:14.000000,8,Rabbit - Saddles,93.0,6,116.0,74.0,23.0
179,3.0,2023-02-05 18:24:02.000000,7,Swiss Chard,85.0,6,106.0,65.0,21.0
180,4.0,2023-02-26 07:57:37.000000,21,Cheese - Sheep Milk,16.0,2,20.0,16.0,4.0
181,2.0,2022-12-27 05:39:05.000000,13,Pork - European Side Bacon,88.0,4,110.0,49.0,22.0
182,3.0,2022-11-12 04:22:07.000000,15,Juice - Ocean Spray Kiwi,80.0,4,100.0,66.0,20.0
183,5.0,2022-12-01 10:16:11.000000,30,Cake - Pancake,63.0,6,79.0,74.0,16.0
184,2.0,2023-07-23 13:31:25.000000,9,"Wine - White, Concha Y Toro",38.0,2,47.0,22.0,9.0
185,1.0,2022-10-22 14:27:49.000000,25,Pepper - Pablano,17.0,1,22.0,6.0,5.0
186,3.0,2023-03-06 23:16:42.000000,25,Pepper - Pablano,17.0,1,22.0,11.0,5.0
187,3.0,2023-01-09 16:13:43.000000,10,"Lemonade - Mandarin, 591 Ml",44.0,4,55.0,36.0,11.0
188,5.0,2023-05-09 18:41:59.000000,29,Salmon Atl.whole 8 - 10 Lb,49.0,6,61.0,59.0,12.0
189,3.0,2022-11-17 13:44:02.000000,19,Fennel,91.0,9,114.0,64.0,23.0
190,1.0,2022-11-14 14:17:42.000000,7,Swiss Chard,85.0,6,106.0,31.0,21.0
191,3.0,2023-08-27 05:17:34.000000,16,Kale - Red,88.0,7,110.0,65.0,22.0
192,4.0,2023-01-27 02:23:22.000000,19,Fennel,91.0,9,114.0,88.0,23.0
193,3.0,2022-10-11 07:42:48.000000,27,"Lamb - Leg, Bone In",78.0,8,97.0,66.0,19.0
194,1.0,2023-03-12 20:15:41.000000,18,Milk - Condensed,99.0,1,123.0,27.0,24.0
195,2.0,2023-03-11 04:44:12.000000,23,Compound - Mocha,28.0,1,34.0,12.0,6.0
196,2.0,2022-10-14 12:59:03.000000,9,"Wine - White, Concha Y Toro",38.0,2,47.0,21.0,9.0
197,3.0,2022-10-13 15:04:27.000000,18,Milk - Condensed,99.0,1,123.0,79.0,24.0
198,2.0,2023-07-09 09:44:50.000000,6,Nantucket Cranberry Juice,19.0,9,24.0,11.0,5.0
199,3.0,2023-04-20 21:44:40.000000,25,Pepper - Pablano,17.0,1,22.0,12.0,5.0
200,1.0,2023-01-01 01:35:02.000000,29,Salmon Atl.whole 8 - 10 Lb,49.0,6,61.0,18.0,12.0
201,2.0,2023-04-07 12:01:18.000000,27,"Lamb - Leg, Bone In",78.0,8,97.0,32.0,19.0
202,2.0,2022-12-22 01:44:59.000000,24,Ice Cream Bar - Oreo Sandwich,42.0,7,53.0,25.0,11.0
203,3.0,2022-12-05 13:12:45.000000,15,Juice - Ocean Spray Kiwi,80.0,4,100.0,70.0,20.0
204,4.0,2022-09-29 22:07:34.000000,21,Cheese - Sheep Milk,16.0,2,20.0,16.0,4.0
205,2.0,2023-06-28 19:45:11.000000,24,Ice Cream Bar - Oreo Sandwich,42.0,7,53.0,16.0,11.0
206,4.0,2023-05-25 21:31:27.000000,10,"Lemonade - Mandarin, 591 Ml",44.0,4,55.0,46.0,11.0
207,3.0,2023-01-07 00:07:16.000000,25,Pepper - Pablano,17.0,1,22.0,13.0,5.0
208,2.0,2023-07-20 20:29:01.000000,19,Fennel,91.0,9,114.0,54.0,23.0
209,2.0,2022-12-19 08:57:15.000000,19,Fennel,91.0,9,114.0,38.0,23.0
210,2.0,2023-08-22 15:10:22.000000,28,"Pasta - Penne, Rigate, Dry",22.0,9,28.0,9.0,6.0
211,1.0,2023-02-05 14:46:54.000000,14,Wine - Conde De Valdemar,79.0,1,99.0,24.0,20.0
212,4.0,2023-07-02 08:47:22.000000,22,Cardamon Ground,32.0,10,40.0,29.0,8.0
213,2.0,2023-05-18 18:31:52.000000,17,"Nut - Walnut, Chopped",28.0,8,35.0,11.0,7.0
214,4.0,2023-03-05 13:08:09.000000,26,Neckerchief Blck,85.0,9,106.0,77.0,21.0
215,4.0,2023-07-09 19:43:24.000000,17,"Nut - Walnut, Chopped",28.0,8,35.0,31.0,7.0
216,3.0,2023-07-01 21:05:56.000000,8,Rabbit - Saddles,93.0,6,116.0,66.0,23.0
217,2.0,2023-09-05 05:48:33.000000,1,omo,126.0,50,157.0,74.0,31.0
218,1.0,2022-10-17 04:41:23.000000,14,Wine - Conde De Valdemar,79.0,1,99.0,23.0,20.0
219,3.0,2023-07-28 08:28:11.000000,22,Cardamon Ground,32.0,10,40.0,24.0,8.0
220,4.0,2022-11-06 06:50:35.000000,20,Zucchini - Green,60.0,2,75.0,64.0,15.0
221,3.0,2023-08-07 12:48:27.000000,26,Neckerchief Blck,85.0,9,106.0,64.0,21.0
222,5.0,2023-06-18 01:08:07.000000,24,Ice Cream Bar - Oreo Sandwich,42.0,7,53.0,51.0,11.0
223,4.0,2023-02-01 09:20:47.000000,13,Pork - European Side Bacon,88.0,4,110.0,79.0,22.0
224,4.0,2022-12-18 14:40:16.000000,21,Cheese - Sheep Milk,16.0,2,20.0,15.0,4.0
225,5.0,2022-10-12 12:47:43.000000,17,"Nut - Walnut, Chopped",28.0,8,35.0,32.0,7.0
226,3.0,2022-11-27 06:53:51.000000,10,"Lemonade - Mandarin, 591 Ml",44.0,4,55.0,32.0,11.0
227,4.0,2023-05-03 23:17:33.000000,16,Kale - Red,88.0,7,110.0,84.0,22.0
228,5.0,2023-05-13 06:46:21.000000,17,"Nut - Walnut, Chopped",28.0,8,35.0,35.0,7.0
229,1.0,2023-01-22 02:46:03.000000,7,Swiss Chard,85.0,6,106.0,24.0,21.0
230,2.0,2022-12-11 02:36:41.000000,26,Neckerchief Blck,85.0,9,106.0,44.0,21.0
231,2.0,2022-10-24 03:41:51.000000,28,"Pasta - Penne, Rigate, Dry",22.0,9,28.0,13.0,6.0
232,2.0,2023-08-14 12:03:02.000000,9,"Wine - White, Concha Y Toro",38.0,2,47.0,19.0,9.0
233,2.0,2023-01-28 04:51:25.000000,22,Cardamon Ground,32.0,10,40.0,15.0,8.0
234,5.0,2023-04-22 21:14:00.000000,28,"Pasta - Penne, Rigate, Dry",22.0,9,28.0,27.0,6.0
235,3.0,2023-08-07 11:25:05.000000,16,Kale - Red,88.0,7,110.0,76.0,22.0
236,3.0,2023-04-19 10:23:17.000000,18,Milk - Condensed,99.0,1,123.0,71.0,24.0
237,3.0,2022-10-25 09:40:23.000000,6,Nantucket Cranberry Juice,19.0,9,24.0,14.0,5.0
238,4.0,2022-10-03 06:04:41.000000,2,barsoap,62.0,100,78.0,69.0,16.0
239,2.0,2023-02-04 10:16:53.000000,29,Salmon Atl.whole 8 - 10 Lb,49.0,6,61.0,24.0,12.0
240,3.0,2023-05-05 14:19:37.000000,28,"Pasta - Penne, Rigate, Dry",22.0,9,28.0,15.0,6.0
241,5.0,2023-01-02 13:12:50.000000,17,"Nut - Walnut, Chopped",28.0,8,35.0,32.0,7.0
242,2.0,2023-02-13 04:11:24.000000,23,Compound - Mocha,28.0,1,34.0,17.0,6.0
243,4.0,2023-04-23 00:21:40.000000,14,Wine - Conde De Valdemar,79.0,1,99.0,88.0,20.0
244,2.0,2023-06-20 18:02:29.000000,20,Zucchini - Green,60.0,2,75.0,27.0,15.0
245,4.0,2023-07-05 14:23:37.000000,16,Kale - Red,88.0,7,110.0,81.0,22.0
246,1.0,2022-10-25 21:32:16.000000,12,Cabbage - Green,25.0,2,31.0,9.0,6.0
247,3.0,2022-10-12 02:00:16.000000,24,Ice Cream Bar - Oreo Sandwich,42.0,7,53.0,35.0,11.0
248,3.0,2023-08-19 21:19:26.000000,29,Salmon Atl.whole 8 - 10 Lb,49.0,6,61.0,37.0,12.0
249,4.0,2022-10-31 21:54:28.000000,6,Nantucket Cranberry Juice,19.0,9,24.0,22.0,5.0
250,4.0,2022-12-02 16:37:27.000000,15,Juice - Ocean Spray Kiwi,80.0,4,100.0,75.0,20.0
251,4.0,2023-03-01 16:40:04.000000,4,sweets,20.0,1000,25.0,22.0,5.0
252,2.0,2023-05-05 07:27:13.000000,20,Zucchini - Green,60.0,2,75.0,36.0,15.0
253,1.0,2023-05-03 15:40:12.000000,29,Salmon Atl.whole 8 - 10 Lb,49.0,6,61.0,17.0,12.0
254,4.0,2023-01-01 03:52:53.000000,6,Nantucket Cranberry Juice,19.0,9,24.0,20.0,5.0
255,2.0,2023-06-30 20:56:21.000000,8,Rabbit - Saddles,93.0,6,116.0,56.0,23.0
256,2.0,2023-03-19 19:05:28.000000,19,Fennel,91.0,9,114.0,46.0,23.0
257,2.0,2023-09-05 14:19:51.000000,20,Zucchini - Green,60.0,2,75.0,33.0,15.0
258,3.0,2022-09-30 10:10:35.000000,21,Cheese - Sheep Milk,16.0,2,20.0,13.0,4.0
259,5.0,2023-01-30 15:46:43.000000,10,"Lemonade - Mandarin, 591 Ml",44.0,4,55.0,53.0,11.0
260,2.0,2023-07-15 13:59:25.000000,5,rice,450.0,100,562.0,264.0,112.0
261,3.0,2023-02-10 19:23:14.000000,10,"Lemonade - Mandarin, 591 Ml",44.0,4,55.0,28.0,11.0
262,2.0,2023-09-12 18:18:17.000000,14,Wine - Conde De Valdemar,79.0,1,99.0,39.0,20.0
263,1.0,2023-05-22 06:08:00.000000,13,Pork - European Side Bacon,88.0,4,110.0,26.0,22.0
264,4.0,2022-10-12 20:28:40.000000,26,Neckerchief Blck,85.0,9,106.0,81.0,21.0
265,4.0,2022-11-18 17:03:09.000000,23,Compound - Mocha,28.0,1,34.0,26.0,6.0
266,4.0,2022-12-09 01:39:51.000000,5,rice,450.0,100,562.0,452.0,112.0
267,1.0,2023-07-29 22:01:14.000000,21,Cheese - Sheep Milk,16.0,2,20.0,4.0,4.0
268,1.0,2023-05-25 12:35:21.000000,18,Milk - Condensed,99.0,1,123.0,25.0,24.0
269,5.0,2023-05-21 14:12:08.000000,11,Icecream Cone - Areo Chocolate,31.0,3,39.0,38.0,8.0
270,3.0,2023-06-12 22:34:29.000000,27,"Lamb - Leg, Bone In",78.0,8,97.0,55.0,19.0
271,2.0,2023-02-05 03:31:53.000000,11,Icecream Cone - Areo Chocolate,31.0,3,39.0,15.0,8.0
272,4.0,2023-03-01 12:28:45.000000,10,"Lemonade - Mandarin, 591 Ml",44.0,4,55.0,47.0,11.0
273,2.0,2022-12-31 06:00:24.000000,21,Cheese - Sheep Milk,16.0,2,20.0,9.0,4.0
274,2.0,2023-04-09 04:19:22.000000,27,"Lamb - Leg, Bone In",78.0,8,97.0,32.0,19.0
275,3.0,2023-07-12 22:26:27.000000,11,Icecream Cone - Areo Chocolate,31.0,3,39.0,22.0,8.0
276,4.0,2023-09-15 18:38:56.000000,15,Juice - Ocean Spray Kiwi,80.0,4,100.0,82.0,20.0
277,4.0,2023-09-10 17:41:26.000000,18,Milk - Condensed,99.0,1,123.0,100.0,24.0
278,3.0,2023-08-12 20:12:20.000000,3,tissues,30.0,2000,38.0,20.0,8.0
279,3.0,2023-02-28 02:13:19.000000,1,omo,126.0,50,157.0,89.0,31.0
280,2.0,2023-08-06 16:03:32.000000,2,barsoap,62.0,100,78.0,37.0,16.0
281,2.0,2023-03-23 21:05:37.000000,29,Salmon Atl.whole 8 - 10 Lb,49.0,6,61.0,30.0,12.0
282,4.0,2023-01-24 01:36:42.000000,12,Cabbage - Green,25.0,2,31.0,25.0,6.0
283,1.0,2022-10-29 10:36:57.000000,3,tissues,30.0,2000,38.0,11.0,8.0
284,4.0,2023-03-15 09:49:19.000000,6,Nantucket Cranberry Juice,19.0,9,24.0,20.0,5.0
285,1.0,2023-07-16 15:23:10.000000,14,Wine - Conde De Valdemar,79.0,1,99.0,26.0,20.0
286,4.0,2023-01-07 18:29:28.000000,23,Compound - Mocha,28.0,1,34.0,27.0,6.0
287,2.0,2022-12-14 21:48:23.000000,23,Compound - Mocha,28.0,1,34.0,16.0,6.0
288,4.0,2023-03-09 15:28:30.000000,27,"Lamb - Leg, Bone In",78.0,8,97.0,74.0,19.0
289,3.0,2023-08-18 12:00:46.000000,3,tissues,30.0,2000,38.0,26.0,8.0
290,2.0,2023-01-15 08:44:08.000000,22,Cardamon Ground,32.0,10,40.0,19.0,8.0
291,1.0,2022-12-02 17:09:33.000000,15,Juice - Ocean Spray Kiwi,80.0,4,100.0,21.0,20.0
292,3.0,2023-05-27 10:42:58.000000,30,Cake - Pancake,63.0,6,79.0,40.0,16.0
293,2.0,2023-01-05 21:52:06.000000,30,Cake - Pancake,63.0,6,79.0,28.0,16.0
294,2.0,2022-11-19 09:55:05.000000,3,tissues,30.0,2000,38.0,15.0,8.0
295,4.0,2023-07-10 14:55:49.000000,14,Wine - Conde De Valdemar,79.0,1,99.0,88.0,20.0
296,3.0,2023-07-18 00:17:57.000000,21,Cheese - Sheep Milk,16.0,2,20.0,10.0,4.0
297,1.0,2023-02-22 11:17:05.000000,30,Cake - Pancake,63.0,6,79.0,20.0,16.0
298,5.0,2023-06-27 14:22:41.000000,19,Fennel,91.0,9,114.0,113.0,23.0
299,1.0,2023-05-20 04:31:44.000000,29,Salmon Atl.whole 8 - 10 Lb,49.0,6,61.0,13.0,12.0
300,2.0,2023-07-17 06:41:09.000000,12,Cabbage - Green,25.0,2,31.0,10.0,6.0
301,2.0,2023-04-16 00:32:54.000000,5,rice,450.0,100,562.0,225.0,112.0
302,4.0,2023-03-03 02:56:26.000000,14,Wine - Conde De Valdemar,79.0,1,99.0,87.0,20.0
303,4.0,2023-05-02 02:56:36.000000,13,Pork - European Side Bacon,88.0,4,110.0,90.0,22.0
304,3.0,2023-02-28 04:54:38.000000,29,Salmon Atl.whole 8 - 10 Lb,49.0,6,61.0,41.0,12.0
305,4.0,2022-10-27 14:49:37.000000,26,Neckerchief Blck,85.0,9,106.0,93.0,21.0
306,3.0,2022-11-30 05:34:36.000000,19,Fennel,91.0,9,114.0,74.0,23.0
307,2.0,2023-05-03 17:41:09.000000,9,"Wine - White, Concha Y Toro",38.0,2,47.0,21.0,9.0
308,4.0,2023-08-10 19:49:06.000000,24,Ice Cream Bar - Oreo Sandwich,42.0,7,53.0,41.0,11.0
309,2.0,2023-08-01 10:07:04.000000,20,Zucchini - Green,60.0,2,75.0,26.0,15.0
310,2.0,2023-07-29 00:20:20.000000,7,Swiss Chard,85.0,6,106.0,44.0,21.0
311,4.0,2023-06-06 05:17:41.000000,27,"Lamb - Leg, Bone In",78.0,8,97.0,78.0,19.0
312,2.0,2023-06-14 08:30:16.000000,30,Cake - Pancake,63.0,6,79.0,30.0,16.0
313,3.0,2022-11-11 09:44:57.000000,30,Cake - Pancake,63.0,6,79.0,51.0,16.0
314,3.0,2022-11-01 02:05:55.000000,20,Zucchini - Green,60.0,2,75.0,51.0,15.0
315,1.0,2022-09-22 01:03:25.000000,22,Cardamon Ground,32.0,10,40.0,8.0,8.0
316,4.0,2022-11-30 21:42:16.000000,8,Rabbit - Saddles,93.0,6,116.0,101.0,23.0
317,1.0,2022-11-26 19:45:47.000000,12,Cabbage - Green,25.0,2,31.0,6.0,6.0
318,1.0,2023-06-13 03:53:48.000000,18,Milk - Condensed,99.0,1,123.0,35.0,24.0
319,3.0,2023-05-11 16:41:45.000000,2,barsoap,62.0,100,78.0,41.0,16.0
320,4.0,2023-09-06 09:06:47.000000,26,Neckerchief Blck,85.0,9,106.0,76.0,21.0
321,2.0,2023-06-28 11:00:56.000000,22,Cardamon Ground,32.0,10,40.0,19.0,8.0
322,4.0,2022-10-15 02:28:22.000000,30,Cake - Pancake,63.0,6,79.0,62.0,16.0
323,3.0,2023-07-09 11:18:40.000000,26,Neckerchief Blck,85.0,9,106.0,64.0,21.0
324,2.0,2023-04-22 06:08:46.000000,3,tissues,30.0,2000,38.0,12.0,8.0
325,3.0,2022-09-27 11:41:34.000000,24,Ice Cream Bar - Oreo Sandwich,42.0,7,53.0,34.0,11.0
326,4.0,2023-04-30 23:04:37.000000,16,Kale - Red,88.0,7,110.0,96.0,22.0
327,4.0,2023-01-15 08:39:56.000000,9,"Wine - White, Concha Y Toro",38.0,2,47.0,42.0,9.0
328,2.0,2023-08-15 14:53:15.000000,24,Ice Cream Bar - Oreo Sandwich,42.0,7,53.0,24.0,11.0
329,3.0,2023-09-16 03:07:00.000000,24,Ice Cream Bar - Oreo Sandwich,42.0,7,53.0,27.0,11.0
330,1.0,2023-08-15 00:52:06.000000,2,barsoap,62.0,100,78.0,18.0,16.0
331,5.0,2023-09-19 02:11:35.000000,7,Swiss Chard,85.0,6,106.0,97.0,21.0
332,5.0,2023-02-22 16:30:03.000000,24,Ice Cream Bar - Oreo Sandwich,42.0,7,53.0,51.0,11.0
333,1.0,2023-07-18 01:23:25.000000,1,omo,126.0,50,157.0,31.0,31.0
334,2.0,2023-01-24 18:18:31.000000,5,rice,450.0,100,562.0,219.0,112.0
335,3.0,2023-04-03 10:51:04.000000,23,Compound - Mocha,28.0,1,34.0,18.0,6.0
336,4.0,2023-02-08 01:45:36.000000,8,Rabbit - Saddles,93.0,6,116.0,82.0,23.0
337,3.0,2023-04-26 06:52:42.000000,6,Nantucket Cranberry Juice,19.0,9,24.0,14.0,5.0
338,5.0,2023-07-12 02:44:27.000000,3,tissues,30.0,2000,38.0,37.0,8.0
339,5.0,2023-03-14 10:16:37.000000,30,Cake - Pancake,63.0,6,79.0,72.0,16.0
340,2.0,2023-05-26 14:51:11.000000,8,Rabbit - Saddles,93.0,6,116.0,43.0,23.0
341,3.0,2023-07-26 18:32:54.000000,5,rice,450.0,100,562.0,287.0,112.0
342,1.0,2022-10-17 21:44:42.000000,26,Neckerchief Blck,85.0,9,106.0,27.0,21.0
343,3.0,2023-07-02 21:37:19.000000,26,Neckerchief Blck,85.0,9,106.0,66.0,21.0
344,2.0,2023-06-03 08:20:35.000000,21,Cheese - Sheep Milk,16.0,2,20.0,9.0,4.0
345,1.0,2022-11-01 16:06:40.000000,23,Compound - Mocha,28.0,1,34.0,10.0,6.0
346,3.0,2023-05-28 02:11:01.000000,11,Icecream Cone - Areo Chocolate,31.0,3,39.0,25.0,8.0
347,2.0,2023-08-17 20:15:16.000000,14,Wine - Conde De Valdemar,79.0,1,99.0,33.0,20.0
348,1.0,2023-09-17 11:34:02.000000,5,rice,450.0,100,562.0,126.0,112.0
349,5.0,2022-10-18 16:59:56.000000,7,Swiss Chard,85.0,6,106.0,99.0,21.0
350,3.0,2023-06-15 15:22:01.000000,26,Neckerchief Blck,85.0,9,106.0,73.0,21.0
351,4.0,2023-01-27 20:41:01.000000,11,Icecream Cone - Areo Chocolate,31.0,3,39.0,35.0,8.0
352,3.0,2022-10-08 09:15:04.000000,4,sweets,20.0,1000,25.0,17.0,5.0
353,2.0,2023-08-26 12:44:07.000000,3,tissues,30.0,2000,38.0,19.0,8.0
354,5.0,2023-07-11 04:38:41.000000,24,Ice Cream Bar - Oreo Sandwich,42.0,7,53.0,52.0,11.0
355,5.0,2023-06-22 16:57:08.000000,1,omo,126.0,50,157.0,153.0,31.0
356,2.0,2022-10-17 20:01:43.000000,10,"Lemonade - Mandarin, 591 Ml",44.0,4,55.0,27.0,11.0
357,2.0,2023-06-04 12:19:35.000000,2,barsoap,62.0,100,78.0,30.0,16.0
358,3.0,2023-06-13 10:58:07.000000,2,barsoap,62.0,100,78.0,39.0,16.0
359,4.0,2022-10-20 19:07:18.000000,24,Ice Cream Bar - Oreo Sandwich,42.0,7,53.0,37.0,11.0
360,3.0,2022-11-15 13:01:44.000000,21,Cheese - Sheep Milk,16.0,2,20.0,12.0,4.0
361,5.0,2022-12-05 02:36:09.000000,26,Neckerchief Blck,85.0,9,106.0,100.0,21.0
362,1.0,2023-03-09 18:38:26.000000,20,Zucchini - Green,60.0,2,75.0,17.0,15.0
363,3.0,2023-08-15 18:41:20.000000,17,"Nut - Walnut, Chopped",28.0,8,35.0,22.0,7.0
364,4.0,2022-10-10 12:52:19.000000,28,"Pasta - Penne, Rigate, Dry",22.0,9,28.0,22.0,6.0
365,3.0,2022-12-31 02:12:05.000000,8,Rabbit - Saddles,93.0,6,116.0,71.0,23.0
366,2.0,2023-04-13 00:48:39.000000,29,Salmon Atl.whole 8 - 10 Lb,49.0,6,61.0,22.0,12.0
367,2.0,2023-08-19 05:33:31.000000,30,Cake - Pancake,63.0,6,79.0,26.0,16.0
368,2.0,2023-04-07 04:17:46.000000,14,Wine - Conde De Valdemar,79.0,1,99.0,41.0,20.0
369,2.0,2023-07-04 13:53:13.000000,2,barsoap,62.0,100,78.0,30.0,16.0
370,4.0,2023-08-26 19:34:25.000000,18,Milk - Condensed,99.0,1,123.0,96.0,24.0
371,4.0,2023-09-01 01:29:43.000000,22,Cardamon Ground,32.0,10,40.0,36.0,8.0
372,3.0,2023-02-03 04:01:12.000000,17,"Nut - Walnut, Chopped",28.0,8,35.0,23.0,7.0
373,3.0,2022-12-07 00:28:28.000000,27,"Lamb - Leg, Bone In",78.0,8,97.0,51.0,19.0
374,2.0,2023-05-24 10:02:20.000000,24,Ice Cream Bar - Oreo Sandwich,42.0,7,53.0,24.0,11.0
375,4.0,2022-10-27 14:11:53.000000,8,Rabbit - Saddles,93.0,6,116.0,103.0,23.0
376,3.0,2023-01-18 04:58:58.000000,18,Milk - Condensed,99.0,1,123.0,64.0,24.0
377,2.0,2022-11-04 13:42:24.000000,11,Icecream Cone - Areo Chocolate,31.0,3,39.0,17.0,8.0
378,3.0,2023-09-03 10:48:01.000000,8,Rabbit - Saddles,93.0,6,116.0,59.0,23.0
379,2.0,2023-06-25 05:53:16.000000,8,Rabbit - Saddles,93.0,6,116.0,47.0,23.0
380,3.0,2023-04-20 06:42:28.000000,5,rice,450.0,100,562.0,331.0,112.0
381,2.0,2022-11-06 14:59:05.000000,16,Kale - Red,88.0,7,110.0,49.0,22.0
382,4.0,2023-01-29 10:26:23.000000,27,"Lamb - Leg, Bone In",78.0,8,97.0,81.0,19.0
383,1.0,2022-09-20 22:31:19.000000,26,Neckerchief Blck,85.0,9,106.0,23.0,21.0
384,3.0,2022-09-25 11:02:54.000000,22,Cardamon Ground,32.0,10,40.0,22.0,8.0
385,2.0,2022-11-09 22:16:24.000000,26,Neckerchief Blck,85.0,9,106.0,40.0,21.0
386,1.0,2023-09-07 07:14:44.000000,13,Pork - European Side Bacon,88.0,4,110.0,28.0,22.0
387,4.0,2023-07-12 09:19:07.000000,21,Cheese - Sheep Milk,16.0,2,20.0,15.0,4.0
388,2.0,2023-08-19 09:40:57.000000,4,sweets,20.0,1000,25.0,9.0,5.0
389,3.0,2023-03-02 20:16:21.000000,26,Neckerchief Blck,85.0,9,106.0,67.0,21.0
390,4.0,2023-08-12 02:50:20.000000,22,Cardamon Ground,32.0,10,40.0,28.0,8.0
391,4.0,2022-11-09 04:21:28.000000,12,Cabbage - Green,25.0,2,31.0,25.0,6.0
392,1.0,2023-04-16 08:53:12.000000,30,Cake - Pancake,63.0,6,79.0,21.0,16.0
393,5.0,2023-04-01 02:22:26.000000,6,Nantucket Cranberry Juice,19.0,9,24.0,24.0,5.0
394,3.0,2022-12-27 03:06:19.000000,13,Pork - European Side Bacon,88.0,4,110.0,77.0,22.0
395,1.0,2023-02-02 13:21:48.000000,30,Cake - Pancake,63.0,6,79.0,21.0,16.0
396,2.0,2023-09-10 07:25:22.000000,9,"Wine - White, Concha Y Toro",38.0,2,47.0,16.0,9.0
397,4.0,2022-12-18 00:09:01.000000,14,Wine - Conde De Valdemar,79.0,1,99.0,81.0,20.0
398,2.0,2022-10-16 21:18:47.000000,28,"Pasta - Penne, Rigate, Dry",22.0,9,28.0,12.0,6.0
399,2.0,2023-05-02 20:20:11.000000,24,Ice Cream Bar - Oreo Sandwich,42.0,7,53.0,23.0,11.0
400,4.0,2022-11-16 19:37:23.000000,22,Cardamon Ground,32.0,10,40.0,33.0,8.0
401,5.0,2022-12-06 01:56:12.000000,7,Swiss Chard,85.0,6,106.0,96.0,21.0
402,4.0,2023-08-18 17:20:23.000000,16,Kale - Red,88.0,7,110.0,89.0,22.0
403,2.0,2023-01-29 05:59:57.000000,4,sweets,20.0,1000,25.0,8.0,5.0
404,1.0,2023-08-15 11:07:44.000000,22,Cardamon Ground,32.0,10,40.0,11.0,8.0
405,4.0,2022-12-04 21:29:24.000000,24,Ice Cream Bar - Oreo Sandwich,42.0,7,53.0,44.0,11.0
406,2.0,2023-02-16 15:05:32.000000,20,Zucchini - Green,60.0,2,75.0,37.0,15.0
407,2.0,2023-01-21 13:43:36.000000,11,Icecream Cone - Areo Chocolate,31.0,3,39.0,15.0,8.0
408,3.0,2022-11-25 16:44:33.000000,1,omo,126.0,50,157.0,96.0,31.0
409,3.0,2023-01-02 01:56:55.000000,21,Cheese - Sheep Milk,16.0,2,20.0,13.0,4.0
410,4.0,2023-04-30 16:59:07.000000,25,Pepper - Pablano,17.0,1,22.0,16.0,5.0
411,4.0,2023-07-03 06:47:23.000000,20,Zucchini - Green,60.0,2,75.0,57.0,15.0
412,1.0,2023-08-15 08:21:38.000000,8,Rabbit - Saddles,93.0,6,116.0,30.0,23.0
413,5.0,2023-03-12 07:32:44.000000,7,Swiss Chard,85.0,6,106.0,102.0,21.0
414,2.0,2023-05-08 01:34:13.000000,14,Wine - Conde De Valdemar,79.0,1,99.0,46.0,20.0
415,4.0,2022-10-23 15:19:14.000000,12,Cabbage - Green,25.0,2,31.0,24.0,6.0
416,4.0,2022-09-30 07:04:59.000000,9,"Wine - White, Concha Y Toro",38.0,2,47.0,33.0,9.0
417,5.0,2023-04-26 10:07:54.000000,9,"Wine - White, Concha Y Toro",38.0,2,47.0,43.0,9.0
418,2.0,2023-07-11 15:50:47.000000,23,Compound - Mocha,28.0,1,34.0,14.0,6.0
419,2.0,2023-02-16 00:19:35.000000,1,omo,126.0,50,157.0,57.0,31.0
420,1.0,2023-02-01 20:43:45.000000,4,sweets,20.0,1000,25.0,6.0,5.0
421,3.0,2023-08-10 18:39:51.000000,17,"Nut - Walnut, Chopped",28.0,8,35.0,24.0,7.0
422,2.0,2023-09-12 02:56:18.000000,27,"Lamb - Leg, Bone In",78.0,8,97.0,36.0,19.0
423,5.0,2023-08-13 05:12:37.000000,16,Kale - Red,88.0,7,110.0,110.0,22.0
424,3.0,2022-10-10 18:03:52.000000,1,omo,126.0,50,157.0,109.0,31.0
425,2.0,2022-12-14 21:45:50.000000,10,"Lemonade - Mandarin, 591 Ml",44.0,4,55.0,24.0,11.0
426,4.0,2023-09-05 17:57:18.000000,7,Swiss Chard,85.0,6,106.0,80.0,21.0
427,2.0,2023-08-25 14:15:43.000000,22,Cardamon Ground,32.0,10,40.0,19.0,8.0
428,1.0,2023-04-04 11:07:27.000000,13,Pork - European Side Bacon,88.0,4,110.0,25.0,22.0
429,2.0,2023-03-10 19:42:18.000000,28,"Pasta - Penne, Rigate, Dry",22.0,9,28.0,13.0,6.0
430,2.0,2023-08-12 10:06:46.000000,1,omo,126.0,50,157.0,51.0,31.0
431,3.0,2023-09-05 06:33:52.000000,14,Wine - Conde De Valdemar,79.0,1,99.0,52.0,20.0
432,3.0,2023-08-16 20:04:03.000000,28,"Pasta - Penne, Rigate, Dry",22.0,9,28.0,14.0,6.0
433,1.0,2023-05-09 17:11:06.000000,14,Wine - Conde De Valdemar,79.0,1,99.0,28.0,20.0
434,1.0,2023-07-15 23:59:00.000000,2,barsoap,62.0,100,78.0,20.0,16.0
435,4.0,2022-10-31 11:17:08.000000,1,omo,126.0,50,157.0,121.0,31.0
436,2.0,2022-10-05 06:18:45.000000,14,Wine - Conde De Valdemar,79.0,1,99.0,46.0,20.0
437,4.0,2022-10-27 19:24:36.000000,1,omo,126.0,50,157.0,118.0,31.0
438,3.0,2023-09-08 21:05:56.000000,3,tissues,30.0,2000,38.0,26.0,8.0
439,5.0,2022-12-06 20:18:00.000000,9,"Wine - White, Concha Y Toro",38.0,2,47.0,45.0,9.0
440,1.0,2022-09-30 10:57:35.000000,7,Swiss Chard,85.0,6,106.0,24.0,21.0
441,5.0,2023-03-14 08:20:56.000000,13,Pork - European Side Bacon,88.0,4,110.0,100.0,22.0
442,4.0,2022-11-22 12:16:49.000000,10,"Lemonade - Mandarin, 591 Ml",44.0,4,55.0,48.0,11.0
443,1.0,2023-04-08 00:47:29.000000,2,barsoap,62.0,100,78.0,17.0,16.0
444,4.0,2023-02-08 14:29:34.000000,23,Compound - Mocha,28.0,1,34.0,29.0,6.0
445,4.0,2023-08-07 10:11:36.000000,10,"Lemonade - Mandarin, 591 Ml",44.0,4,55.0,46.0,11.0
446,4.0,2023-01-12 01:20:07.000000,1,omo,126.0,50,157.0,136.0,31.0
447,4.0,2023-07-29 15:59:49.000000,12,Cabbage - Green,25.0,2,31.0,26.0,6.0
448,3.0,2023-04-27 09:14:43.000000,16,Kale - Red,88.0,7,110.0,67.0,22.0
449,2.0,2023-08-24 05:34:44.000000,30,Cake - Pancake,63.0,6,79.0,30.0,16.0
450,4.0,2023-06-03 22:57:05.000000,7,Swiss Chard,85.0,6,106.0,85.0,21.0
451,2.0,2023-09-05 15:00:18.000000,13,Pork - European Side Bacon,88.0,4,110.0,55.0,22.0
452,2.0,2023-03-20 20:03:30.000000,11,Icecream Cone - Areo Chocolate,31.0,3,39.0,17.0,8.0
453,2.0,2023-03-08 19:40:56.000000,5,rice,450.0,100,562.0,246.0,112.0
454,3.0,2023-07-17 19:46:10.000000,22,Cardamon Ground,32.0,10,40.0,27.0,8.0
455,2.0,2023-07-31 02:52:33.000000,4,sweets,20.0,1000,25.0,8.0,5.0
456,4.0,2023-08-20 18:29:06.000000,9,"Wine - White, Concha Y Toro",38.0,2,47.0,37.0,9.0
457,4.0,2023-01-31 09:46:13.000000,7,Swiss Chard,85.0,6,106.0,81.0,21.0
458,2.0,2023-05-03 12:40:24.000000,5,rice,450.0,100,562.0,169.0,112.0
459,4.0,2023-03-08 09:17:52.000000,21,Cheese - Sheep Milk,16.0,2,20.0,17.0,4.0
460,4.0,2023-01-31 04:29:26.000000,12,Cabbage - Green,25.0,2,31.0,22.0,6.0
461,3.0,2022-11-07 00:50:06.000000,28,"Pasta - Penne, Rigate, Dry",22.0,9,28.0,14.0,6.0
462,4.0,2023-05-23 22:45:16.000000,1,omo,126.0,50,157.0,140.0,31.0
463,2.0,2023-06-17 03:35:20.000000,3,tissues,30.0,2000,38.0,14.0,8.0
464,1.0,2023-01-16 05:37:33.000000,8,Rabbit - Saddles,93.0,6,116.0,29.0,23.0
465,5.0,2022-09-24 14:08:20.000000,15,Juice - Ocean Spray Kiwi,80.0,4,100.0,90.0,20.0
466,3.0,2023-02-18 02:19:02.000000,20,Zucchini - Green,60.0,2,75.0,50.0,15.0
467,4.0,2023-06-22 04:05:42.000000,24,Ice Cream Bar - Oreo Sandwich,42.0,7,53.0,38.0,11.0
468,1.0,2023-06-10 14:20:13.000000,30,Cake - Pancake,63.0,6,79.0,18.0,16.0
469,4.0,2023-08-26 06:10:00.000000,8,Rabbit - Saddles,93.0,6,116.0,96.0,23.0
470,3.0,2022-12-20 09:32:52.000000,23,Compound - Mocha,28.0,1,34.0,17.0,6.0
471,4.0,2022-11-10 02:39:21.000000,17,"Nut - Walnut, Chopped",28.0,8,35.0,31.0,7.0
472,4.0,2023-02-25 16:30:44.000000,4,sweets,20.0,1000,25.0,21.0,5.0
473,4.0,2022-12-01 17:06:22.000000,6,Nantucket Cranberry Juice,19.0,9,24.0,22.0,5.0
474,2.0,2023-06-26 12:33:55.000000,23,Compound - Mocha,28.0,1,34.0,15.0,6.0
475,1.0,2023-07-17 21:56:39.000000,24,Ice Cream Bar - Oreo Sandwich,42.0,7,53.0,15.0,11.0
476,1.0,2022-12-03 21:15:05.000000,22,Cardamon Ground,32.0,10,40.0,10.0,8.0
477,3.0,2023-07-17 23:40:45.000000,9,"Wine - White, Concha Y Toro",38.0,2,47.0,33.0,9.0
478,1.0,2023-01-16 08:28:18.000000,24,Ice Cream Bar - Oreo Sandwich,42.0,7,53.0,12.0,11.0
479,4.0,2023-05-03 04:59:02.000000,16,Kale - Red,88.0,7,110.0,77.0,22.0
480,2.0,2022-11-11 04:50:24.000000,25,Pepper - Pablano,17.0,1,22.0,8.0,5.0
481,5.0,2022-10-24 02:25:51.000000,10,"Lemonade - Mandarin, 591 Ml",44.0,4,55.0,53.0,11.0
482,5.0,2023-03-17 02:26:41.000000,16,Kale - Red,88.0,7,110.0,100.0,22.0
483,4.0,2023-08-26 05:00:38.000000,15,Juice - Ocean Spray Kiwi,80.0,4,100.0,88.0,20.0
484,2.0,2023-06-20 12:21:36.000000,14,Wine - Conde De Valdemar,79.0,1,99.0,41.0,20.0
485,3.0,2023-02-14 01:44:57.000000,21,Cheese - Sheep Milk,16.0,2,20.0,12.0,4.0
486,3.0,2023-02-10 11:10:15.000000,23,Compound - Mocha,28.0,1,34.0,22.0,6.0
487,3.0,2023-03-01 11:24:04.000000,28,"Pasta - Penne, Rigate, Dry",22.0,9,28.0,15.0,6.0
488,1.0,2023-09-19 23:54:27.000000,6,Nantucket Cranberry Juice,19.0,9,24.0,6.0,5.0
489,2.0,2022-10-01 23:17:47.000000,1,omo,126.0,50,157.0,49.0,31.0
490,4.0,2023-06-06 02:21:18.000000,23,Compound - Mocha,28.0,1,34.0,25.0,6.0
491,2.0,2023-05-03 05:50:30.000000,26,Neckerchief Blck,85.0,9,106.0,32.0,21.0
492,1.0,2023-04-27 02:50:45.000000,26,Neckerchief Blck,85.0,9,106.0,27.0,21.0
493,1.0,2022-10-14 08:53:37.000000,27,"Lamb - Leg, Bone In",78.0,8,97.0,20.0,19.0
494,2.0,2023-05-11 12:00:34.000000,21,Cheese - Sheep Milk,16.0,2,20.0,10.0,4.0
495,4.0,2022-11-20 03:53:39.000000,18,Milk - Condensed,99.0,1,123.0,108.0,24.0
496,2.0,2022-11-03 00:12:47.000000,8,Rabbit - Saddles,93.0,6,116.0,49.0,23.0
497,4.0,2023-08-07 21:18:01.000000,13,Pork - European Side Bacon,88.0,4,110.0,91.0,22.0
498,2.0,2023-08-03 09:30:31.000000,28,"Pasta - Penne, Rigate, Dry",22.0,9,28.0,9.0,6.0
499,2.0,2023-04-21 05:15:10.000000,5,rice,450.0,100,562.0,212.0,112.0
500,5.0,2023-05-17 14:39:49.000000,13,Pork - European Side Bacon,88.0,4,110.0,100.0,22.0
501,3.0,2023-04-26 07:50:49.000000,6,Nantucket Cranberry Juice,19.0,9,24.0,12.0,5.0
502,1.0,2023-05-30 14:44:13.000000,20,Zucchini - Green,60.0,2,75.0,19.0,15.0
503,2.0,2023-04-04 11:39:14.000000,7,Swiss Chard,85.0,6,106.0,47.0,21.0
504,4.0,2023-03-28 17:17:11.000000,11,Icecream Cone - Areo Chocolate,31.0,3,39.0,27.0,8.0
505,5.0,2023-06-29 20:29:15.000000,24,Ice Cream Bar - Oreo Sandwich,42.0,7,53.0,48.0,11.0
506,3.0,2022-10-17 05:34:15.000000,10,"Lemonade - Mandarin, 591 Ml",44.0,4,55.0,36.0,11.0
507,3.0,2022-11-09 13:48:56.000000,14,Wine - Conde De Valdemar,79.0,1,99.0,67.0,20.0
508,3.0,2023-03-10 03:46:14.000000,19,Fennel,91.0,9,114.0,74.0,23.0
509,3.0,2023-05-02 07:59:03.000000,25,Pepper - Pablano,17.0,1,22.0,14.0,5.0
510,2.0,2023-04-29 19:54:24.000000,30,Cake - Pancake,63.0,6,79.0,25.0,16.0
511,2.0,2022-11-25 12:27:53.000000,3,tissues,30.0,2000,38.0,18.0,8.0
512,5.0,2023-03-01 18:17:23.000000,4,sweets,20.0,1000,25.0,23.0,5.0
513,2.0,2023-07-13 06:27:23.000000,6,Nantucket Cranberry Juice,19.0,9,24.0,12.0,5.0
514,2.0,2023-09-12 00:34:06.000000,4,sweets,20.0,1000,25.0,8.0,5.0
515,4.0,2022-10-05 01:12:33.000000,3,tissues,30.0,2000,38.0,26.0,8.0
516,3.0,2022-12-20 14:30:41.000000,16,Kale - Red,88.0,7,110.0,57.0,22.0
517,3.0,2023-08-21 12:41:06.000000,6,Nantucket Cranberry Juice,19.0,9,24.0,13.0,5.0
518,4.0,2022-10-22 11:24:38.000000,15,Juice - Ocean Spray Kiwi,80.0,4,100.0,88.0,20.0
519,2.0,2022-09-20 09:50:23.000000,5,rice,450.0,100,562.0,262.0,112.0
520,5.0,2023-09-16 04:57:16.000000,28,"Pasta - Penne, Rigate, Dry",22.0,9,28.0,27.0,6.0
521,3.0,2023-02-01 03:38:46.000000,13,Pork - European Side Bacon,88.0,4,110.0,73.0,22.0
522,2.0,2023-04-22 19:29:22.000000,27,"Lamb - Leg, Bone In",78.0,8,97.0,37.0,19.0
523,1.0,2023-02-11 22:16:00.000000,5,rice,450.0,100,562.0,123.0,112.0
524,2.0,2023-08-15 02:25:19.000000,8,Rabbit - Saddles,93.0,6,116.0,37.0,23.0
525,1.0,2023-05-17 00:27:02.000000,13,Pork - European Side Bacon,88.0,4,110.0,28.0,22.0
526,2.0,2022-12-17 06:51:56.000000,22,Cardamon Ground,32.0,10,40.0,18.0,8.0
527,2.0,2022-10-18 05:51:00.000000,27,"Lamb - Leg, Bone In",78.0,8,97.0,41.0,19.0
528,4.0,2023-07-31 18:08:04.000000,8,Rabbit - Saddles,93.0,6,116.0,99.0,23.0
529,2.0,2023-06-29 13:01:49.000000,11,Icecream Cone - Areo Chocolate,31.0,3,39.0,18.0,8.0
530,4.0,2022-09-25 09:02:43.000000,6,Nantucket Cranberry Juice,19.0,9,24.0,19.0,5.0
531,4.0,2022-12-24 20:48:46.000000,30,Cake - Pancake,63.0,6,79.0,70.0,16.0
532,2.0,2022-12-09 11:46:44.000000,21,Cheese - Sheep Milk,16.0,2,20.0,9.0,4.0
533,2.0,2022-11-10 11:14:11.000000,7,Swiss Chard,85.0,6,106.0,35.0,21.0
534,3.0,2022-11-27 20:26:49.000000,18,Milk - Condensed,99.0,1,123.0,65.0,24.0
535,4.0,2023-07-22 13:46:51.000000,14,Wine - Conde De Valdemar,79.0,1,99.0,75.0,20.0
536,3.0,2023-01-27 10:41:13.000000,6,Nantucket Cranberry Juice,19.0,9,24.0,15.0,5.0
537,3.0,2023-07-29 00:06:43.000000,6,Nantucket Cranberry Juice,19.0,9,24.0,12.0,5.0
538,5.0,2023-08-09 12:44:45.000000,1,omo,126.0,50,157.0,155.0,31.0
539,3.0,2022-11-27 05:52:02.000000,22,Cardamon Ground,32.0,10,40.0,27.0,8.0
540,5.0,2023-08-10 20:17:01.000000,2,barsoap,62.0,100,78.0,77.0,16.0
541,2.0,2023-09-07 02:20:54.000000,29,Salmon Atl.whole 8 - 10 Lb,49.0,6,61.0,22.0,12.0
542,1.0,2023-05-31 04:25:56.000000,18,Milk - Condensed,99.0,1,123.0,26.0,24.0
543,4.0,2023-08-16 00:52:48.000000,21,Cheese - Sheep Milk,16.0,2,20.0,17.0,4.0
544,3.0,2022-11-27 00:22:47.000000,21,Cheese - Sheep Milk,16.0,2,20.0,13.0,4.0
545,2.0,2023-05-23 15:02:21.000000,8,Rabbit - Saddles,93.0,6,116.0,56.0,23.0
546,2.0,2022-10-08 15:31:20.000000,7,Swiss Chard,85.0,6,106.0,50.0,21.0
547,3.0,2023-06-01 07:39:22.000000,14,Wine - Conde De Valdemar,79.0,1,99.0,55.0,20.0
548,2.0,2023-04-12 13:40:23.000000,9,"Wine - White, Concha Y Toro",38.0,2,47.0,23.0,9.0
549,5.0,2023-08-07 23:24:21.000000,29,Salmon Atl.whole 8 - 10 Lb,49.0,6,61.0,58.0,12.0
550,4.0,2022-10-21 22:05:56.000000,19,Fennel,91.0,9,114.0,97.0,23.0
551,3.0,2022-12-08 09:24:01.000000,9,"Wine - White, Concha Y Toro",38.0,2,47.0,24.0,9.0
552,4.0,2023-03-08 18:21:55.000000,26,Neckerchief Blck,85.0,9,106.0,92.0,21.0
553,2.0,2023-08-06 02:34:48.000000,6,Nantucket Cranberry Juice,19.0,9,24.0,8.0,5.0
554,2.0,2023-01-30 12:21:59.000000,4,sweets,20.0,1000,25.0,9.0,5.0
555,3.0,2023-02-03 03:49:49.000000,24,Ice Cream Bar - Oreo Sandwich,42.0,7,53.0,31.0,11.0
556,5.0,2022-12-29 23:47:07.000000,4,sweets,20.0,1000,25.0,23.0,5.0
557,3.0,2023-02-07 20:41:39.000000,13,Pork - European Side Bacon,88.0,4,110.0,63.0,22.0
558,2.0,2023-07-19 02:45:44.000000,16,Kale - Red,88.0,7,110.0,39.0,22.0
559,5.0,2023-03-26 07:41:29.000000,12,Cabbage - Green,25.0,2,31.0,29.0,6.0
560,3.0,2023-06-10 20:17:31.000000,18,Milk - Condensed,99.0,1,123.0,63.0,24.0
561,1.0,2022-12-27 04:48:41.000000,28,"Pasta - Penne, Rigate, Dry",22.0,9,28.0,6.0,6.0
562,2.0,2022-12-30 10:20:20.000000,5,rice,450.0,100,562.0,187.0,112.0
563,2.0,2023-01-20 05:19:58.000000,16,Kale - Red,88.0,7,110.0,34.0,22.0
564,4.0,2023-01-09 01:14:16.000000,15,Juice - Ocean Spray Kiwi,80.0,4,100.0,78.0,20.0
565,3.0,2023-08-14 12:43:56.000000,11,Icecream Cone - Areo Chocolate,31.0,3,39.0,21.0,8.0
566,4.0,2023-06-04 19:23:19.000000,19,Fennel,91.0,9,114.0,97.0,23.0
567,4.0,2023-05-27 15:36:20.000000,22,Cardamon Ground,32.0,10,40.0,28.0,8.0
568,3.0,2022-10-17 14:00:43.000000,13,Pork - European Side Bacon,88.0,4,110.0,60.0,22.0
569,2.0,2023-05-13 16:57:35.000000,17,"Nut - Walnut, Chopped",28.0,8,35.0,17.0,7.0
570,2.0,2023-08-25 00:14:59.000000,3,tissues,30.0,2000,38.0,16.0,8.0
571,2.0,2023-06-12 04:30:51.000000,4,sweets,20.0,1000,25.0,9.0,5.0
572,5.0,2023-02-26 05:12:24.000000,2,barsoap,62.0,100,78.0,71.0,16.0
573,2.0,2023-08-12 18:36:18.000000,2,barsoap,62.0,100,78.0,36.0,16.0
574,2.0,2023-08-09 14:08:05.000000,19,Fennel,91.0,9,114.0,52.0,23.0
575,3.0,2023-02-25 06:22:13.000000,17,"Nut - Walnut, Chopped",28.0,8,35.0,21.0,7.0
576,1.0,2022-11-18 16:00:45.000000,15,Juice - Ocean Spray Kiwi,80.0,4,100.0,23.0,20.0
577,4.0,2023-01-15 23:57:10.000000,23,Compound - Mocha,28.0,1,34.0,26.0,6.0
578,2.0,2023-04-21 14:45:38.000000,30,Cake - Pancake,63.0,6,79.0,38.0,16.0
579,4.0,2023-07-18 00:42:36.000000,9,"Wine - White, Concha Y Toro",38.0,2,47.0,42.0,9.0
580,4.0,2023-01-11 05:00:49.000000,10,"Lemonade - Mandarin, 591 Ml",44.0,4,55.0,43.0,11.0
581,1.0,2023-05-27 03:24:49.000000,13,Pork - European Side Bacon,88.0,4,110.0,26.0,22.0
582,5.0,2023-06-16 16:10:15.000000,9,"Wine - White, Concha Y Toro",38.0,2,47.0,47.0,9.0
583,3.0,2023-04-28 10:04:10.000000,29,Salmon Atl.whole 8 - 10 Lb,49.0,6,61.0,39.0,12.0
584,3.0,2023-09-15 20:05:15.000000,28,"Pasta - Penne, Rigate, Dry",22.0,9,28.0,16.0,6.0
585,2.0,2022-12-21 17:39:06.000000,29,Salmon Atl.whole 8 - 10 Lb,49.0,6,61.0,23.0,12.0
586,5.0,2022-10-08 00:56:18.000000,2,barsoap,62.0,100,78.0,76.0,16.0
587,5.0,2023-06-24 05:22:01.000000,30,Cake - Pancake,63.0,6,79.0,73.0,16.0
588,2.0,2022-11-08 06:40:02.000000,6,Nantucket Cranberry Juice,19.0,9,24.0,8.0,5.0
589,3.0,2023-02-28 02:59:16.000000,11,Icecream Cone - Areo Chocolate,31.0,3,39.0,21.0,8.0
590,3.0,2023-05-11 05:21:20.000000,18,Milk - Condensed,99.0,1,123.0,81.0,24.0
591,2.0,2023-07-22 09:50:40.000000,22,Cardamon Ground,32.0,10,40.0,15.0,8.0
592,4.0,2022-11-07 13:39:48.000000,28,"Pasta - Penne, Rigate, Dry",22.0,9,28.0,23.0,6.0
593,2.0,2023-06-14 04:05:44.000000,21,Cheese - Sheep Milk,16.0,2,20.0,8.0,4.0
594,1.0,2023-06-26 14:20:13.000000,6,Nantucket Cranberry Juice,19.0,9,24.0,6.0,5.0
595,4.0,2023-04-23 15:08:43.000000,9,"Wine - White, Concha Y Toro",38.0,2,47.0,33.0,9.0
596,1.0,2023-07-28 20:49:20.000000,5,rice,450.0,100,562.0,118.0,112.0
597,3.0,2023-06-17 02:05:40.000000,11,Icecream Cone - Areo Chocolate,31.0,3,39.0,26.0,8.0
598,3.0,2022-11-09 02:23:28.000000,22,Cardamon Ground,32.0,10,40.0,25.0,8.0
599,4.0,2023-09-03 10:01:24.000000,7,Swiss Chard,85.0,6,106.0,90.0,21.0
600,2.0,2023-02-28 04:11:41.000000,1,omo,126.0,50,157.0,78.0,31.0
601,3.0,2023-05-23 06:25:53.000000,3,tissues,30.0,2000,38.0,26.0,8.0
602,2.0,2022-12-07 14:19:01.000000,30,Cake - Pancake,63.0,6,79.0,40.0,16.0
603,3.0,2023-04-06 17:00:29.000000,1,omo,126.0,50,157.0,80.0,31.0
604,1.0,2023-06-25 02:16:06.000000,7,Swiss Chard,85.0,6,106.0,30.0,21.0
605,2.0,2023-08-04 18:16:26.000000,4,sweets,20.0,1000,25.0,12.0,5.0
606,2.0,2022-10-12 12:51:39.000000,10,"Lemonade - Mandarin, 591 Ml",44.0,4,55.0,19.0,11.0
607,4.0,2023-06-22 23:00:43.000000,8,Rabbit - Saddles,93.0,6,116.0,94.0,23.0
608,3.0,2023-03-27 18:54:17.000000,9,"Wine - White, Concha Y Toro",38.0,2,47.0,28.0,9.0
609,2.0,2023-02-20 08:23:48.000000,12,Cabbage - Green,25.0,2,31.0,12.0,6.0
610,1.0,2022-09-23 21:25:12.000000,28,"Pasta - Penne, Rigate, Dry",22.0,9,28.0,7.0,6.0
611,4.0,2023-04-16 10:51:47.000000,7,Swiss Chard,85.0,6,106.0,80.0,21.0
612,3.0,2022-11-15 22:56:38.000000,25,Pepper - Pablano,17.0,1,22.0,15.0,5.0
613,2.0,2023-09-07 16:44:42.000000,13,Pork - European Side Bacon,88.0,4,110.0,54.0,22.0
614,5.0,2023-02-18 09:32:16.000000,27,"Lamb - Leg, Bone In",78.0,8,97.0,89.0,19.0
615,1.0,2023-04-25 11:31:36.000000,25,Pepper - Pablano,17.0,1,22.0,5.0,5.0
616,4.0,2023-09-19 14:01:35.000000,21,Cheese - Sheep Milk,16.0,2,20.0,18.0,4.0
617,2.0,2022-11-14 15:33:42.000000,17,"Nut - Walnut, Chopped",28.0,8,35.0,11.0,7.0
618,3.0,2023-05-20 05:41:53.000000,2,barsoap,62.0,100,78.0,50.0,16.0
619,4.0,2022-12-23 16:59:22.000000,22,Cardamon Ground,32.0,10,40.0,30.0,8.0
620,4.0,2023-02-21 08:50:35.000000,12,Cabbage - Green,25.0,2,31.0,22.0,6.0
621,2.0,2022-10-27 00:11:53.000000,4,sweets,20.0,1000,25.0,8.0,5.0
622,1.0,2023-09-18 22:33:31.000000,27,"Lamb - Leg, Bone In",78.0,8,97.0,21.0,19.0
623,4.0,2023-04-19 19:39:29.000000,3,tissues,30.0,2000,38.0,33.0,8.0
624,4.0,2023-07-27 11:48:55.000000,30,Cake - Pancake,63.0,6,79.0,56.0,16.0
625,3.0,2022-10-18 19:49:31.000000,23,Compound - Mocha,28.0,1,34.0,23.0,6.0
626,3.0,2022-10-10 03:03:52.000000,21,Cheese - Sheep Milk,16.0,2,20.0,10.0,4.0
627,3.0,2022-10-12 22:47:09.000000,6,Nantucket Cranberry Juice,19.0,9,24.0,15.0,5.0
628,3.0,2023-07-26 20:27:32.000000,21,Cheese - Sheep Milk,16.0,2,20.0,13.0,4.0
629,5.0,2022-12-04 09:49:13.000000,29,Salmon Atl.whole 8 - 10 Lb,49.0,6,61.0,60.0,12.0
630,4.0,2023-02-07 13:21:49.000000,15,Juice - Ocean Spray Kiwi,80.0,4,100.0,75.0,20.0
631,2.0,2023-09-04 08:34:18.000000,28,"Pasta - Penne, Rigate, Dry",22.0,9,28.0,13.0,6.0
632,4.0,2023-09-09 02:47:30.000000,11,Icecream Cone - Areo Chocolate,31.0,3,39.0,32.0,8.0
633,2.0,2023-02-24 04:28:12.000000,21,Cheese - Sheep Milk,16.0,2,20.0,6.0,4.0
634,1.0,2023-01-16 00:48:46.000000,5,rice,450.0,100,562.0,115.0,112.0
635,2.0,2023-08-18 01:25:56.000000,26,Neckerchief Blck,85.0,9,106.0,39.0,21.0
636,2.0,2023-04-21 11:33:13.000000,1,omo,126.0,50,157.0,62.0,31.0
637,2.0,2022-10-31 09:28:24.000000,27,"Lamb - Leg, Bone In",78.0,8,97.0,48.0,19.0
638,3.0,2023-06-05 02:47:13.000000,14,Wine - Conde De Valdemar,79.0,1,99.0,55.0,20.0
639,5.0,2023-08-06 00:17:46.000000,25,Pepper - Pablano,17.0,1,22.0,22.0,5.0
640,2.0,2023-01-27 04:47:13.000000,19,Fennel,91.0,9,114.0,38.0,23.0
641,1.0,2022-10-29 17:22:38.000000,24,Ice Cream Bar - Oreo Sandwich,42.0,7,53.0,11.0,11.0
642,5.0,2023-08-29 22:50:42.000000,28,"Pasta - Penne, Rigate, Dry",22.0,9,28.0,26.0,6.0
643,4.0,2022-10-15 07:54:02.000000,15,Juice - Ocean Spray Kiwi,80.0,4,100.0,89.0,20.0
644,5.0,2023-01-18 00:47:00.000000,22,Cardamon Ground,32.0,10,40.0,36.0,8.0
645,4.0,2023-02-21 04:31:33.000000,26,Neckerchief Blck,85.0,9,106.0,88.0,21.0
646,1.0,2023-07-21 10:19:49.000000,25,Pepper - Pablano,17.0,1,22.0,5.0,5.0
647,5.0,2023-02-03 09:58:15.000000,9,"Wine - White, Concha Y Toro",38.0,2,47.0,43.0,9.0
648,3.0,2023-02-27 14:03:03.000000,26,Neckerchief Blck,85.0,9,106.0,74.0,21.0
649,3.0,2022-10-10 15:49:26.000000,10,"Lemonade - Mandarin, 591 Ml",44.0,4,55.0,31.0,11.0
650,2.0,2022-12-28 12:11:35.000000,30,Cake - Pancake,63.0,6,79.0,27.0,16.0
651,5.0,2023-04-19 23:44:54.000000,4,sweets,20.0,1000,25.0,24.0,5.0
652,3.0,2023-08-01 12:46:02.000000,13,Pork - European Side Bacon,88.0,4,110.0,62.0,22.0
653,2.0,2023-04-08 16:32:39.000000,18,Milk - Condensed,99.0,1,123.0,58.0,24.0
654,4.0,2023-07-04 10:01:56.000000,27,"Lamb - Leg, Bone In",78.0,8,97.0,70.0,19.0
655,5.0,2023-04-16 06:58:41.000000,14,Wine - Conde De Valdemar,79.0,1,99.0,97.0,20.0
656,3.0,2023-06-16 11:33:49.000000,3,tissues,30.0,2000,38.0,20.0,8.0
657,4.0,2023-07-16 10:18:22.000000,24,Ice Cream Bar - Oreo Sandwich,42.0,7,53.0,38.0,11.0
658,3.0,2023-03-19 02:44:14.000000,28,"Pasta - Penne, Rigate, Dry",22.0,9,28.0,17.0,6.0
659,3.0,2022-10-28 14:01:07.000000,7,Swiss Chard,85.0,6,106.0,63.0,21.0
660,5.0,2022-12-27 11:46:22.000000,26,Neckerchief Blck,85.0,9,106.0,105.0,21.0
661,4.0,2022-11-28 04:44:32.000000,3,tissues,30.0,2000,38.0,30.0,8.0
662,5.0,2022-11-25 08:18:13.000000,20,Zucchini - Green,60.0,2,75.0,74.0,15.0
663,3.0,2022-10-22 08:47:41.000000,26,Neckerchief Blck,85.0,9,106.0,71.0,21.0
664,4.0,2023-05-10 00:10:08.000000,20,Zucchini - Green,60.0,2,75.0,57.0,15.0
665,4.0,2023-05-17 04:38:21.000000,28,"Pasta - Penne, Rigate, Dry",22.0,9,28.0,25.0,6.0
666,2.0,2023-04-28 00:42:31.000000,22,Cardamon Ground,32.0,10,40.0,18.0,8.0
667,3.0,2023-01-03 02:04:42.000000,8,Rabbit - Saddles,93.0,6,116.0,73.0,23.0
668,3.0,2022-11-05 03:40:33.000000,24,Ice Cream Bar - Oreo Sandwich,42.0,7,53.0,36.0,11.0
669,4.0,2022-10-11 21:04:12.000000,13,Pork - European Side Bacon,88.0,4,110.0,86.0,22.0
670,3.0,2023-03-27 03:06:21.000000,1,omo,126.0,50,157.0,88.0,31.0
671,1.0,2023-06-22 16:02:49.000000,14,Wine - Conde De Valdemar,79.0,1,99.0,26.0,20.0
672,4.0,2023-06-15 02:13:58.000000,14,Wine - Conde De Valdemar,79.0,1,99.0,82.0,20.0
673,3.0,2023-05-26 02:51:14.000000,15,Juice - Ocean Spray Kiwi,80.0,4,100.0,68.0,20.0
674,2.0,2023-09-14 17:39:16.000000,20,Zucchini - Green,60.0,2,75.0,29.0,15.0
675,3.0,2022-12-10 17:26:18.000000,27,"Lamb - Leg, Bone In",78.0,8,97.0,64.0,19.0
676,2.0,2023-01-07 05:07:27.000000,8,Rabbit - Saddles,93.0,6,116.0,40.0,23.0
677,4.0,2023-08-24 01:48:43.000000,12,Cabbage - Green,25.0,2,31.0,27.0,6.0
678,5.0,2023-04-01 06:59:27.000000,24,Ice Cream Bar - Oreo Sandwich,42.0,7,53.0,51.0,11.0
679,2.0,2023-08-10 09:52:31.000000,18,Milk - Condensed,99.0,1,123.0,42.0,24.0
680,1.0,2023-04-29 18:04:45.000000,15,Juice - Ocean Spray Kiwi,80.0,4,100.0,23.0,20.0
681,1.0,2023-02-20 03:03:09.000000,29,Salmon Atl.whole 8 - 10 Lb,49.0,6,61.0,18.0,12.0
682,4.0,2023-06-17 18:53:39.000000,14,Wine - Conde De Valdemar,79.0,1,99.0,85.0,20.0
683,3.0,2023-03-07 08:02:32.000000,6,Nantucket Cranberry Juice,19.0,9,24.0,16.0,5.0
684,5.0,2023-03-29 05:59:15.000000,12,Cabbage - Green,25.0,2,31.0,28.0,6.0
685,1.0,2023-04-27 04:32:53.000000,9,"Wine - White, Concha Y Toro",38.0,2,47.0,13.0,9.0
686,2.0,2023-09-17 18:38:18.000000,20,Zucchini - Green,60.0,2,75.0,33.0,15.0
687,4.0,2023-09-08 08:27:46.000000,21,Cheese - Sheep Milk,16.0,2,20.0,14.0,4.0
688,4.0,2023-03-20 04:52:07.000000,25,Pepper - Pablano,17.0,1,22.0,15.0,5.0
689,2.0,2022-12-04 19:07:04.000000,3,tissues,30.0,2000,38.0,13.0,8.0
690,3.0,2023-03-13 03:31:23.000000,22,Cardamon Ground,32.0,10,40.0,23.0,8.0
691,1.0,2023-04-12 19:43:07.000000,9,"Wine - White, Concha Y Toro",38.0,2,47.0,11.0,9.0
692,2.0,2023-04-15 12:02:05.000000,11,Icecream Cone - Areo Chocolate,31.0,3,39.0,19.0,8.0
693,2.0,2023-02-06 08:59:13.000000,23,Compound - Mocha,28.0,1,34.0,13.0,6.0
694,3.0,2023-08-09 21:10:25.000000,29,Salmon Atl.whole 8 - 10 Lb,49.0,6,61.0,34.0,12.0
695,3.0,2023-08-17 23:11:26.000000,1,omo,126.0,50,157.0,91.0,31.0
696,3.0,2023-05-29 03:29:25.000000,20,Zucchini - Green,60.0,2,75.0,46.0,15.0
697,3.0,2022-11-09 11:20:40.000000,28,"Pasta - Penne, Rigate, Dry",22.0,9,28.0,18.0,6.0
698,4.0,2023-03-12 17:16:35.000000,19,Fennel,91.0,9,114.0,97.0,23.0
699,3.0,2023-04-28 05:02:46.000000,7,Swiss Chard,85.0,6,106.0,53.0,21.0
700,2.0,2022-12-17 13:55:22.000000,5,rice,450.0,100,562.0,279.0,112.0
701,5.0,2023-07-09 14:22:02.000000,25,Pepper - Pablano,17.0,1,22.0,20.0,5.0
702,2.0,2023-09-13 15:07:58.000000,5,rice,450.0,100,562.0,253.0,112.0
703,1.0,2023-05-02 06:27:41.000000,22,Cardamon Ground,32.0,10,40.0,10.0,8.0
704,5.0,2023-02-09 11:07:13.000000,6,Nantucket Cranberry Juice,19.0,9,24.0,24.0,5.0
705,2.0,2023-07-29 10:47:19.000000,18,Milk - Condensed,99.0,1,123.0,60.0,24.0
706,3.0,2023-01-12 20:29:53.000000,14,Wine - Conde De Valdemar,79.0,1,99.0,59.0,20.0
707,4.0,2023-05-31 01:00:47.000000,10,"Lemonade - Mandarin, 591 Ml",44.0,4,55.0,41.0,11.0
708,3.0,2023-02-04 07:29:13.000000,13,Pork - European Side Bacon,88.0,4,110.0,65.0,22.0
709,4.0,2023-04-13 10:37:17.000000,21,Cheese - Sheep Milk,16.0,2,20.0,16.0,4.0
710,5.0,2023-06-24 06:54:50.000000,28,"Pasta - Penne, Rigate, Dry",22.0,9,28.0,26.0,6.0
711,2.0,2023-02-12 03:16:06.000000,9,"Wine - White, Concha Y Toro",38.0,2,47.0,20.0,9.0
712,3.0,2022-11-19 15:56:20.000000,14,Wine - Conde De Valdemar,79.0,1,99.0,59.0,20.0
713,3.0,2023-03-30 19:44:46.000000,25,Pepper - Pablano,17.0,1,22.0,15.0,5.0
714,5.0,2023-08-17 03:53:29.000000,9,"Wine - White, Concha Y Toro",38.0,2,47.0,47.0,9.0
715,4.0,2023-01-21 09:37:43.000000,16,Kale - Red,88.0,7,110.0,77.0,22.0
716,4.0,2023-07-01 21:06:18.000000,5,rice,450.0,100,562.0,500.0,112.0
717,4.0,2023-08-25 00:10:51.000000,15,Juice - Ocean Spray Kiwi,80.0,4,100.0,76.0,20.0
718,4.0,2022-12-25 09:20:39.000000,23,Compound - Mocha,28.0,1,34.0,25.0,6.0
719,4.0,2023-08-13 21:56:46.000000,19,Fennel,91.0,9,114.0,85.0,23.0
720,4.0,2023-05-24 12:31:51.000000,30,Cake - Pancake,63.0,6,79.0,65.0,16.0
721,5.0,2022-11-06 23:29:10.000000,17,"Nut - Walnut, Chopped",28.0,8,35.0,34.0,7.0
722,5.0,2023-09-16 15:10:46.000000,18,Milk - Condensed,99.0,1,123.0,117.0,24.0
723,5.0,2023-04-11 22:16:48.000000,22,Cardamon Ground,32.0,10,40.0,38.0,8.0
724,5.0,2022-09-24 21:37:47.000000,6,Nantucket Cranberry Juice,19.0,9,24.0,23.0,5.0
725,2.0,2022-12-26 18:05:06.000000,27,"Lamb - Leg, Bone In",78.0,8,97.0,32.0,19.0
726,4.0,2023-01-17 19:09:27.000000,24,Ice Cream Bar - Oreo Sandwich,42.0,7,53.0,42.0,11.0
727,4.0,2023-05-06 19:15:58.000000,19,Fennel,91.0,9,114.0,89.0,23.0
728,3.0,2023-06-16 01:00:22.000000,15,Juice - Ocean Spray Kiwi,80.0,4,100.0,51.0,20.0
729,3.0,2023-01-20 10:46:04.000000,26,Neckerchief Blck,85.0,9,106.0,56.0,21.0
730,2.0,2023-07-08 06:19:33.000000,17,"Nut - Walnut, Chopped",28.0,8,35.0,16.0,7.0
731,1.0,2023-07-03 05:59:50.000000,25,Pepper - Pablano,17.0,1,22.0,6.0,5.0
732,4.0,2023-01-01 05:59:37.000000,12,Cabbage - Green,25.0,2,31.0,27.0,6.0
733,4.0,2023-03-30 19:28:06.000000,21,Cheese - Sheep Milk,16.0,2,20.0,16.0,4.0
734,4.0,2023-02-22 14:08:28.000000,6,Nantucket Cranberry Juice,19.0,9,24.0,19.0,5.0
735,2.0,2022-10-19 04:24:18.000000,20,Zucchini - Green,60.0,2,75.0,35.0,15.0
736,3.0,2023-02-07 04:10:54.000000,27,"Lamb - Leg, Bone In",78.0,8,97.0,56.0,19.0
737,2.0,2023-07-02 21:56:49.000000,8,Rabbit - Saddles,93.0,6,116.0,39.0,23.0
738,4.0,2023-07-26 01:53:31.000000,14,Wine - Conde De Valdemar,79.0,1,99.0,73.0,20.0
739,1.0,2023-09-17 03:11:04.000000,27,"Lamb - Leg, Bone In",78.0,8,97.0,19.0,19.0
740,5.0,2022-11-09 21:48:11.000000,14,Wine - Conde De Valdemar,79.0,1,99.0,94.0,20.0
741,3.0,2023-03-15 03:38:49.000000,3,tissues,30.0,2000,38.0,21.0,8.0
742,2.0,2023-06-26 17:09:11.000000,25,Pepper - Pablano,17.0,1,22.0,7.0,5.0
743,4.0,2023-06-19 17:40:02.000000,9,"Wine - White, Concha Y Toro",38.0,2,47.0,41.0,9.0
744,3.0,2023-06-08 02:17:40.000000,30,Cake - Pancake,63.0,6,79.0,40.0,16.0
745,4.0,2023-02-11 04:52:22.000000,14,Wine - Conde De Valdemar,79.0,1,99.0,80.0,20.0
746,5.0,2022-11-14 19:26:13.000000,23,Compound - Mocha,28.0,1,34.0,32.0,6.0
747,2.0,2023-02-06 03:48:22.000000,30,Cake - Pancake,63.0,6,79.0,36.0,16.0
748,3.0,2023-01-17 00:18:02.000000,30,Cake - Pancake,63.0,6,79.0,46.0,16.0
749,2.0,2023-06-05 13:14:04.000000,18,Milk - Condensed,99.0,1,123.0,48.0,24.0
750,2.0,2022-11-17 23:12:37.000000,20,Zucchini - Green,60.0,2,75.0,35.0,15.0
751,4.0,2023-09-05 05:37:48.000000,25,Pepper - Pablano,17.0,1,22.0,19.0,5.0
752,2.0,2022-11-21 04:55:41.000000,4,sweets,20.0,1000,25.0,11.0,5.0
753,2.0,2023-03-22 17:06:24.000000,27,"Lamb - Leg, Bone In",78.0,8,97.0,43.0,19.0
754,2.0,2023-03-02 14:06:07.000000,22,Cardamon Ground,32.0,10,40.0,18.0,8.0
755,4.0,2023-01-17 05:46:53.000000,14,Wine - Conde De Valdemar,79.0,1,99.0,72.0,20.0
756,2.0,2022-12-15 16:00:39.000000,5,rice,450.0,100,562.0,234.0,112.0
757,3.0,2022-10-22 08:55:58.000000,24,Ice Cream Bar - Oreo Sandwich,42.0,7,53.0,30.0,11.0
758,4.0,2023-03-10 20:20:09.000000,15,Juice - Ocean Spray Kiwi,80.0,4,100.0,77.0,20.0
759,4.0,2023-07-11 08:55:09.000000,30,Cake - Pancake,63.0,6,79.0,63.0,16.0
760,4.0,2023-02-20 01:05:32.000000,19,Fennel,91.0,9,114.0,102.0,23.0
761,2.0,2023-01-06 16:41:02.000000,29,Salmon Atl.whole 8 - 10 Lb,49.0,6,61.0,23.0,12.0
762,1.0,2023-08-26 21:20:54.000000,27,"Lamb - Leg, Bone In",78.0,8,97.0,21.0,19.0
763,5.0,2023-04-14 08:53:45.000000,24,Ice Cream Bar - Oreo Sandwich,42.0,7,53.0,49.0,11.0
764,2.0,2022-11-07 22:10:30.000000,22,Cardamon Ground,32.0,10,40.0,14.0,8.0
765,5.0,2022-12-28 11:36:39.000000,13,Pork - European Side Bacon,88.0,4,110.0,100.0,22.0
766,4.0,2023-03-19 09:35:00.000000,3,tissues,30.0,2000,38.0,32.0,8.0
767,4.0,2023-09-17 17:42:24.000000,24,Ice Cream Bar - Oreo Sandwich,42.0,7,53.0,38.0,11.0
768,5.0,2023-05-08 14:52:49.000000,17,"Nut - Walnut, Chopped",28.0,8,35.0,34.0,7.0
769,5.0,2023-05-16 14:30:05.000000,30,Cake - Pancake,63.0,6,79.0,72.0,16.0
770,1.0,2023-07-27 20:25:01.000000,30,Cake - Pancake,63.0,6,79.0,21.0,16.0
771,2.0,2023-03-06 05:04:04.000000,7,Swiss Chard,85.0,6,106.0,50.0,21.0
772,4.0,2023-08-14 03:25:36.000000,23,Compound - Mocha,28.0,1,34.0,31.0,6.0
773,4.0,2023-05-30 08:24:57.000000,29,Salmon Atl.whole 8 - 10 Lb,49.0,6,61.0,53.0,12.0
774,2.0,2023-05-17 19:10:08.000000,29,Salmon Atl.whole 8 - 10 Lb,49.0,6,61.0,24.0,12.0
775,4.0,2022-12-21 18:00:16.000000,7,Swiss Chard,85.0,6,106.0,84.0,21.0
776,4.0,2022-12-13 20:33:06.000000,2,barsoap,62.0,100,78.0,67.0,16.0
777,3.0,2023-06-17 12:55:48.000000,24,Ice Cream Bar - Oreo Sandwich,42.0,7,53.0,31.0,11.0
778,3.0,2022-11-04 00:27:56.000000,4,sweets,20.0,1000,25.0,14.0,5.0
779,5.0,2023-09-19 21:48:05.000000,1,omo,126.0,50,157.0,142.0,31.0
780,4.0,2023-02-19 03:45:27.000000,20,Zucchini - Green,60.0,2,75.0,55.0,15.0
781,4.0,2023-08-17 00:34:25.000000,16,Kale - Red,88.0,7,110.0,82.0,22.0
782,2.0,2023-03-17 18:34:46.000000,3,tissues,30.0,2000,38.0,18.0,8.0
783,4.0,2023-06-28 04:09:32.000000,26,Neckerchief Blck,85.0,9,106.0,94.0,21.0
784,4.0,2023-03-09 06:43:17.000000,6,Nantucket Cranberry Juice,19.0,9,24.0,19.0,5.0
785,3.0,2023-02-05 03:03:12.000000,18,Milk - Condensed,99.0,1,123.0,62.0,24.0
786,3.0,2023-01-11 09:51:31.000000,1,omo,126.0,50,157.0,104.0,31.0
787,4.0,2023-06-20 22:52:34.000000,21,Cheese - Sheep Milk,16.0,2,20.0,17.0,4.0
788,2.0,2023-03-07 03:14:00.000000,3,tissues,30.0,2000,38.0,17.0,8.0
789,2.0,2023-04-11 08:56:31.000000,16,Kale - Red,88.0,7,110.0,41.0,22.0
790,4.0,2022-09-30 03:09:15.000000,19,Fennel,91.0,9,114.0,87.0,23.0
791,1.0,2023-05-05 01:55:47.000000,7,Swiss Chard,85.0,6,106.0,22.0,21.0
792,1.0,2022-11-03 00:24:18.000000,16,Kale - Red,88.0,7,110.0,26.0,22.0
793,5.0,2023-03-07 23:14:05.000000,20,Zucchini - Green,60.0,2,75.0,67.0,15.0
794,4.0,2023-07-23 04:23:16.000000,23,Compound - Mocha,28.0,1,34.0,30.0,6.0
795,1.0,2023-06-03 02:08:00.000000,17,"Nut - Walnut, Chopped",28.0,8,35.0,8.0,7.0
796,4.0,2023-06-16 06:34:57.000000,23,Compound - Mocha,28.0,1,34.0,26.0,6.0
797,4.0,2023-09-08 02:41:32.000000,9,"Wine - White, Concha Y Toro",38.0,2,47.0,35.0,9.0
798,3.0,2023-07-28 03:48:34.000000,3,tissues,30.0,2000,38.0,25.0,8.0
799,3.0,2023-07-12 10:53:30.000000,13,Pork - European Side Bacon,88.0,4,110.0,58.0,22.0
800,4.0,2023-03-17 00:09:29.000000,1,omo,126.0,50,157.0,126.0,31.0
801,4.0,2023-04-09 22:35:21.000000,22,Cardamon Ground,32.0,10,40.0,30.0,8.0
802,3.0,2023-01-24 19:22:59.000000,30,Cake - Pancake,63.0,6,79.0,45.0,16.0
803,4.0,2022-12-10 06:33:49.000000,11,Icecream Cone - Areo Chocolate,31.0,3,39.0,34.0,8.0
804,4.0,2023-05-04 21:29:39.000000,27,"Lamb - Leg, Bone In",78.0,8,97.0,73.0,19.0
805,4.0,2022-10-12 14:41:07.000000,16,Kale - Red,88.0,7,110.0,95.0,22.0
806,2.0,2023-07-23 02:20:08.000000,13,Pork - European Side Bacon,88.0,4,110.0,37.0,22.0
807,5.0,2023-04-12 13:52:02.000000,11,Icecream Cone - Areo Chocolate,31.0,3,39.0,36.0,8.0
808,4.0,2022-11-13 09:50:55.000000,14,Wine - Conde De Valdemar,79.0,1,99.0,84.0,20.0
809,5.0,2023-03-20 04:30:00.000000,21,Cheese - Sheep Milk,16.0,2,20.0,19.0,4.0
810,3.0,2022-10-31 09:48:09.000000,3,tissues,30.0,2000,38.0,22.0,8.0
811,4.0,2022-09-21 10:51:10.000000,26,Neckerchief Blck,85.0,9,106.0,86.0,21.0
812,2.0,2023-03-01 04:35:06.000000,28,"Pasta - Penne, Rigate, Dry",22.0,9,28.0,9.0,6.0
813,2.0,2023-02-08 11:03:24.000000,15,Juice - Ocean Spray Kiwi,80.0,4,100.0,42.0,20.0
814,2.0,2023-06-11 11:26:43.000000,19,Fennel,91.0,9,114.0,51.0,23.0
815,1.0,2023-04-24 07:39:31.000000,28,"Pasta - Penne, Rigate, Dry",22.0,9,28.0,7.0,6.0
816,5.0,2023-06-09 16:23:49.000000,29,Salmon Atl.whole 8 - 10 Lb,49.0,6,61.0,60.0,12.0
817,3.0,2022-12-04 21:31:01.000000,13,Pork - European Side Bacon,88.0,4,110.0,64.0,22.0
818,3.0,2022-09-21 17:18:09.000000,22,Cardamon Ground,32.0,10,40.0,27.0,8.0
819,4.0,2023-01-19 15:16:51.000000,10,"Lemonade - Mandarin, 591 Ml",44.0,4,55.0,44.0,11.0
820,2.0,2023-08-31 22:38:53.000000,24,Ice Cream Bar - Oreo Sandwich,42.0,7,53.0,21.0,11.0
821,1.0,2023-04-06 21:28:12.000000,22,Cardamon Ground,32.0,10,40.0,11.0,8.0
822,4.0,2023-05-01 16:33:16.000000,21,Cheese - Sheep Milk,16.0,2,20.0,16.0,4.0
823,4.0,2022-09-25 17:15:33.000000,9,"Wine - White, Concha Y Toro",38.0,2,47.0,35.0,9.0
824,5.0,2023-07-03 00:38:04.000000,17,"Nut - Walnut, Chopped",28.0,8,35.0,33.0,7.0
825,4.0,2023-01-08 10:48:15.000000,12,Cabbage - Green,25.0,2,31.0,28.0,6.0
826,3.0,2022-11-22 18:35:13.000000,10,"Lemonade - Mandarin, 591 Ml",44.0,4,55.0,35.0,11.0
827,2.0,2022-10-16 05:15:20.000000,21,Cheese - Sheep Milk,16.0,2,20.0,9.0,4.0
828,4.0,2022-10-05 09:03:59.000000,7,Swiss Chard,85.0,6,106.0,91.0,21.0
829,1.0,2023-06-14 07:30:01.000000,1,omo,126.0,50,157.0,42.0,31.0
830,2.0,2022-10-28 09:31:22.000000,26,Neckerchief Blck,85.0,9,106.0,34.0,21.0
831,4.0,2022-11-30 08:19:04.000000,9,"Wine - White, Concha Y Toro",38.0,2,47.0,37.0,9.0
832,2.0,2023-07-20 20:22:08.000000,15,Juice - Ocean Spray Kiwi,80.0,4,100.0,41.0,20.0
833,2.0,2022-09-26 02:58:28.000000,16,Kale - Red,88.0,7,110.0,51.0,22.0
834,3.0,2023-06-02 23:21:58.000000,30,Cake - Pancake,63.0,6,79.0,52.0,16.0
835,3.0,2022-09-29 17:05:37.000000,17,"Nut - Walnut, Chopped",28.0,8,35.0,22.0,7.0
836,1.0,2023-03-16 12:13:37.000000,11,Icecream Cone - Areo Chocolate,31.0,3,39.0,10.0,8.0
837,2.0,2022-10-06 19:10:52.000000,18,Milk - Condensed,99.0,1,123.0,56.0,24.0
838,2.0,2023-03-02 08:00:25.000000,15,Juice - Ocean Spray Kiwi,80.0,4,100.0,40.0,20.0
839,3.0,2023-04-03 08:57:32.000000,18,Milk - Condensed,99.0,1,123.0,72.0,24.0
840,2.0,2023-03-19 22:46:54.000000,7,Swiss Chard,85.0,6,106.0,40.0,21.0
841,4.0,2023-07-18 11:15:03.000000,20,Zucchini - Green,60.0,2,75.0,53.0,15.0
842,4.0,2023-03-27 03:17:49.000000,18,Milk - Condensed,99.0,1,123.0,108.0,24.0
843,2.0,2022-10-26 22:42:50.000000,30,Cake - Pancake,63.0,6,79.0,32.0,16.0
844,3.0,2023-01-31 01:55:56.000000,24,Ice Cream Bar - Oreo Sandwich,42.0,7,53.0,28.0,11.0
845,2.0,2023-04-11 14:22:12.000000,6,Nantucket Cranberry Juice,19.0,9,24.0,8.0,5.0
846,4.0,2022-10-29 02:03:00.000000,18,Milk - Condensed,99.0,1,123.0,91.0,24.0
847,3.0,2023-06-20 20:01:28.000000,5,rice,450.0,100,562.0,321.0,112.0
848,4.0,2023-03-01 20:12:35.000000,4,sweets,20.0,1000,25.0,22.0,5.0
849,2.0,2023-08-24 08:26:27.000000,26,Neckerchief Blck,85.0,9,106.0,52.0,21.0
850,3.0,2023-05-13 05:01:34.000000,13,Pork - European Side Bacon,88.0,4,110.0,74.0,22.0
851,5.0,2023-01-04 21:28:14.000000,23,Compound - Mocha,28.0,1,34.0,34.0,6.0
852,3.0,2023-01-13 04:43:53.000000,4,sweets,20.0,1000,25.0,15.0,5.0
853,1.0,2023-06-18 15:09:09.000000,18,Milk - Condensed,99.0,1,123.0,31.0,24.0
854,4.0,2023-09-14 18:56:20.000000,26,Neckerchief Blck,85.0,9,106.0,81.0,21.0
855,1.0,2023-02-12 21:27:47.000000,13,Pork - European Side Bacon,88.0,4,110.0,32.0,22.0
856,3.0,2023-07-07 10:48:21.000000,3,tissues,30.0,2000,38.0,23.0,8.0
857,4.0,2023-06-30 01:06:53.000000,3,tissues,30.0,2000,38.0,32.0,8.0
858,4.0,2023-05-21 22:18:19.000000,4,sweets,20.0,1000,25.0,19.0,5.0
859,3.0,2022-12-08 10:20:51.000000,28,"Pasta - Penne, Rigate, Dry",22.0,9,28.0,17.0,6.0
860,2.0,2023-04-16 17:00:27.000000,29,Salmon Atl.whole 8 - 10 Lb,49.0,6,61.0,25.0,12.0
861,2.0,2023-01-26 20:41:01.000000,29,Salmon Atl.whole 8 - 10 Lb,49.0,6,61.0,19.0,12.0
862,4.0,2023-08-23 16:43:26.000000,16,Kale - Red,88.0,7,110.0,79.0,22.0
863,4.0,2023-05-05 05:38:33.000000,17,"Nut - Walnut, Chopped",28.0,8,35.0,26.0,7.0
864,2.0,2022-11-07 02:44:06.000000,9,"Wine - White, Concha Y Toro",38.0,2,47.0,20.0,9.0
865,4.0,2023-05-04 12:20:39.000000,18,Milk - Condensed,99.0,1,123.0,110.0,24.0
866,3.0,2022-10-18 16:45:32.000000,30,Cake - Pancake,63.0,6,79.0,43.0,16.0
867,1.0,2022-12-03 10:50:06.000000,28,"Pasta - Penne, Rigate, Dry",22.0,9,28.0,8.0,6.0
868,3.0,2023-08-19 20:05:08.000000,22,Cardamon Ground,32.0,10,40.0,23.0,8.0
869,3.0,2023-08-07 23:55:02.000000,5,rice,450.0,100,562.0,330.0,112.0
870,2.0,2023-06-20 14:33:47.000000,22,Cardamon Ground,32.0,10,40.0,19.0,8.0
871,3.0,2023-08-03 01:09:08.000000,30,Cake - Pancake,63.0,6,79.0,44.0,16.0
872,2.0,2023-07-11 11:24:49.000000,29,Salmon Atl.whole 8 - 10 Lb,49.0,6,61.0,25.0,12.0
873,4.0,2023-05-16 02:53:43.000000,14,Wine - Conde De Valdemar,79.0,1,99.0,82.0,20.0
874,1.0,2023-08-10 06:36:32.000000,16,Kale - Red,88.0,7,110.0,23.0,22.0
875,3.0,2022-10-08 09:28:31.000000,14,Wine - Conde De Valdemar,79.0,1,99.0,68.0,20.0
876,4.0,2022-10-13 13:58:58.000000,22,Cardamon Ground,32.0,10,40.0,36.0,8.0
877,3.0,2022-11-19 00:33:47.000000,3,tissues,30.0,2000,38.0,20.0,8.0
878,1.0,2023-04-01 06:14:25.000000,29,Salmon Atl.whole 8 - 10 Lb,49.0,6,61.0,17.0,12.0
879,5.0,2023-07-07 20:19:33.000000,19,Fennel,91.0,9,114.0,103.0,23.0
880,1.0,2022-12-02 07:09:05.000000,2,barsoap,62.0,100,78.0,16.0,16.0
881,2.0,2023-01-29 09:59:57.000000,16,Kale - Red,88.0,7,110.0,49.0,22.0
882,2.0,2023-04-17 13:37:36.000000,12,Cabbage - Green,25.0,2,31.0,15.0,6.0
883,2.0,2023-09-08 20:56:38.000000,18,Milk - Condensed,99.0,1,123.0,59.0,24.0
884,2.0,2023-06-20 11:03:06.000000,17,"Nut - Walnut, Chopped",28.0,8,35.0,17.0,7.0
885,4.0,2023-02-25 03:22:13.000000,21,Cheese - Sheep Milk,16.0,2,20.0,18.0,4.0
886,5.0,2023-02-03 07:25:04.000000,27,"Lamb - Leg, Bone In",78.0,8,97.0,96.0,19.0
887,1.0,2022-12-26 04:25:37.000000,20,Zucchini - Green,60.0,2,75.0,20.0,15.0
888,4.0,2023-08-07 02:09:10.000000,23,Compound - Mocha,28.0,1,34.0,29.0,6.0
889,2.0,2023-04-12 16:12:05.000000,3,tissues,30.0,2000,38.0,14.0,8.0
890,2.0,2023-06-05 19:31:14.000000,26,Neckerchief Blck,85.0,9,106.0,40.0,21.0
891,4.0,2023-08-19 18:52:08.000000,23,Compound - Mocha,28.0,1,34.0,27.0,6.0
892,2.0,2023-04-29 18:20:42.000000,20,Zucchini - Green,60.0,2,75.0,31.0,15.0
893,2.0,2023-07-04 08:09:27.000000,20,Zucchini - Green,60.0,2,75.0,27.0,15.0
894,2.0,2023-01-25 17:50:01.000000,21,Cheese - Sheep Milk,16.0,2,20.0,6.0,4.0
895,1.0,2023-03-21 23:24:04.000000,18,Milk - Condensed,99.0,1,123.0,31.0,24.0
896,5.0,2022-09-24 17:59:49.000000,9,"Wine - White, Concha Y Toro",38.0,2,47.0,44.0,9.0
897,3.0,2023-02-23 04:40:55.000000,27,"Lamb - Leg, Bone In",78.0,8,97.0,55.0,19.0
898,5.0,2023-06-04 22:42:05.000000,20,Zucchini - Green,60.0,2,75.0,73.0,15.0
899,3.0,2023-04-04 13:58:50.000000,1,omo,126.0,50,157.0,87.0,31.0
900,4.0,2022-12-18 10:26:22.000000,30,Cake - Pancake,63.0,6,79.0,69.0,16.0
901,2.0,2023-02-10 21:56:28.000000,28,"Pasta - Penne, Rigate, Dry",22.0,9,28.0,11.0,6.0
902,4.0,2023-05-29 01:12:59.000000,10,"Lemonade - Mandarin, 591 Ml",44.0,4,55.0,40.0,11.0
903,1.0,2022-12-01 13:47:19.000000,5,rice,450.0,100,562.0,154.0,112.0
904,3.0,2023-01-19 19:07:22.000000,19,Fennel,91.0,9,114.0,70.0,23.0
905,3.0,2023-08-30 04:57:57.000000,10,"Lemonade - Mandarin, 591 Ml",44.0,4,55.0,34.0,11.0
906,2.0,2023-04-29 13:09:40.000000,19,Fennel,91.0,9,114.0,48.0,23.0
907,3.0,2023-01-19 19:02:49.000000,6,Nantucket Cranberry Juice,19.0,9,24.0,16.0,5.0
908,3.0,2022-11-15 16:29:42.000000,11,Icecream Cone - Areo Chocolate,31.0,3,39.0,23.0,8.0
909,1.0,2022-11-23 10:13:33.000000,20,Zucchini - Green,60.0,2,75.0,20.0,15.0
910,1.0,2023-08-13 12:35:05.000000,14,Wine - Conde De Valdemar,79.0,1,99.0,24.0,20.0
911,2.0,2022-12-20 03:54:48.000000,2,barsoap,62.0,100,78.0,37.0,16.0
912,2.0,2022-09-24 04:05:53.000000,12,Cabbage - Green,25.0,2,31.0,16.0,6.0
913,3.0,2022-11-04 09:32:45.000000,8,Rabbit - Saddles,93.0,6,116.0,79.0,23.0
914,2.0,2022-12-25 04:46:47.000000,3,tissues,30.0,2000,38.0,11.0,8.0
915,4.0,2022-12-07 20:53:03.000000,30,Cake - Pancake,63.0,6,79.0,63.0,16.0
916,2.0,2023-07-02 13:18:02.000000,27,"Lamb - Leg, Bone In",78.0,8,97.0,36.0,19.0
917,4.0,2022-10-13 06:29:44.000000,4,sweets,20.0,1000,25.0,18.0,5.0
918,1.0,2023-07-26 05:16:27.000000,14,Wine - Conde De Valdemar,79.0,1,99.0,28.0,20.0
919,5.0,2023-04-15 05:20:34.000000,19,Fennel,91.0,9,114.0,111.0,23.0
920,2.0,2023-05-23 04:57:43.000000,23,Compound - Mocha,28.0,1,34.0,14.0,6.0
921,2.0,2023-08-29 03:27:45.000000,10,"Lemonade - Mandarin, 591 Ml",44.0,4,55.0,20.0,11.0
922,3.0,2023-07-18 07:11:41.000000,6,Nantucket Cranberry Juice,19.0,9,24.0,15.0,5.0
923,3.0,2022-09-22 02:23:17.000000,1,omo,126.0,50,157.0,88.0,31.0
924,3.0,2023-08-13 19:26:38.000000,8,Rabbit - Saddles,93.0,6,116.0,60.0,23.0
925,4.0,2023-07-14 12:43:54.000000,11,Icecream Cone - Areo Chocolate,31.0,3,39.0,33.0,8.0
926,4.0,2023-07-01 10:54:25.000000,4,sweets,20.0,1000,25.0,21.0,5.0
927,2.0,2022-11-23 05:33:47.000000,24,Ice Cream Bar - Oreo Sandwich,42.0,7,53.0,23.0,11.0
928,5.0,2022-12-22 11:08:50.000000,13,Pork - European Side Bacon,88.0,4,110.0,109.0,22.0
929,5.0,2022-11-25 06:29:07.000000,9,"Wine - White, Concha Y Toro",38.0,2,47.0,43.0,9.0
930,3.0,2023-05-15 16:01:32.000000,6,Nantucket Cranberry Juice,19.0,9,24.0,15.0,5.0
931,3.0,2023-01-18 20:52:13.000000,21,Cheese - Sheep Milk,16.0,2,20.0,13.0,4.0
932,4.0,2023-03-11 14:59:24.000000,8,Rabbit - Saddles,93.0,6,116.0,100.0,23.0
933,3.0,2023-08-29 16:43:19.000000,15,Juice - Ocean Spray Kiwi,80.0,4,100.0,59.0,20.0
934,3.0,2023-08-07 08:17:17.000000,29,Salmon Atl.whole 8 - 10 Lb,49.0,6,61.0,43.0,12.0
935,4.0,2023-03-15 21:58:55.000000,11,Icecream Cone - Areo Chocolate,31.0,3,39.0,28.0,8.0
936,5.0,2023-04-03 06:27:43.000000,20,Zucchini - Green,60.0,2,75.0,70.0,15.0
937,3.0,2022-12-19 10:24:30.000000,12,Cabbage - Green,25.0,2,31.0,17.0,6.0
938,1.0,2023-09-07 14:45:08.000000,6,Nantucket Cranberry Juice,19.0,9,24.0,5.0,5.0
939,5.0,2022-11-13 05:46:53.000000,13,Pork - European Side Bacon,88.0,4,110.0,103.0,22.0
940,3.0,2023-03-26 18:33:16.000000,25,Pepper - Pablano,17.0,1,22.0,11.0,5.0
941,2.0,2023-05-10 07:32:06.000000,25,Pepper - Pablano,17.0,1,22.0,9.0,5.0
942,3.0,2022-12-02 21:11:43.000000,12,Cabbage - Green,25.0,2,31.0,19.0,6.0
943,3.0,2023-02-05 09:46:40.000000,8,Rabbit - Saddles,93.0,6,116.0,61.0,23.0
944,4.0,2023-07-01 13:38:23.000000,5,rice,450.0,100,562.0,413.0,112.0
945,3.0,2023-07-07 13:50:33.000000,25,Pepper - Pablano,17.0,1,22.0,15.0,5.0
946,3.0,2022-11-25 12:03:48.000000,8,Rabbit - Saddles,93.0,6,116.0,70.0,23.0
947,5.0,2022-12-27 04:18:21.000000,12,Cabbage - Green,25.0,2,31.0,29.0,6.0
948,3.0,2023-06-13 19:02:12.000000,2,barsoap,62.0,100,78.0,47.0,16.0
949,2.0,2023-02-11 13:09:13.000000,10,"Lemonade - Mandarin, 591 Ml",44.0,4,55.0,26.0,11.0
950,4.0,2022-12-08 06:57:18.000000,24,Ice Cream Bar - Oreo Sandwich,42.0,7,53.0,42.0,11.0
951,5.0,2022-10-24 01:19:45.000000,4,sweets,20.0,1000,25.0,24.0,5.0
952,2.0,2023-06-03 21:31:43.000000,14,Wine - Conde De Valdemar,79.0,1,99.0,37.0,20.0
953,3.0,2022-11-05 17:21:16.000000,5,rice,450.0,100,562.0,389.0,112.0
954,3.0,2023-02-03 18:13:21.000000,13,Pork - European Side Bacon,88.0,4,110.0,58.0,22.0
955,3.0,2022-12-02 03:05:23.000000,23,Compound - Mocha,28.0,1,34.0,19.0,6.0
956,1.0,2023-02-06 19:40:46.000000,11,Icecream Cone - Areo Chocolate,31.0,3,39.0,12.0,8.0
957,4.0,2023-09-02 08:45:21.000000,11,Icecream Cone - Areo Chocolate,31.0,3,39.0,31.0,8.0
958,2.0,2023-03-03 07:54:50.000000,1,omo,126.0,50,157.0,63.0,31.0
959,3.0,2022-12-07 04:20:43.000000,17,"Nut - Walnut, Chopped",28.0,8,35.0,24.0,7.0
960,4.0,2023-05-05 23:50:12.000000,5,rice,450.0,100,562.0,464.0,112.0
961,1.0,2023-06-01 11:51:28.000000,30,Cake - Pancake,63.0,6,79.0,23.0,16.0
962,4.0,2023-09-08 13:24:49.000000,18,Milk - Condensed,99.0,1,123.0,89.0,24.0
963,1.0,2023-08-27 07:38:37.000000,26,Neckerchief Blck,85.0,9,106.0,31.0,21.0
964,4.0,2023-08-13 09:02:05.000000,27,"Lamb - Leg, Bone In",78.0,8,97.0,71.0,19.0
965,2.0,2023-03-17 17:13:59.000000,22,Cardamon Ground,32.0,10,40.0,17.0,8.0
966,2.0,2022-12-17 01:49:38.000000,1,omo,126.0,50,157.0,65.0,31.0
967,3.0,2023-03-28 04:04:35.000000,21,Cheese - Sheep Milk,16.0,2,20.0,13.0,4.0
968,2.0,2023-07-12 02:11:20.000000,3,tissues,30.0,2000,38.0,18.0,8.0
969,2.0,2022-11-15 23:11:04.000000,6,Nantucket Cranberry Juice,19.0,9,24.0,12.0,5.0
970,2.0,2022-10-04 09:31:52.000000,16,Kale - Red,88.0,7,110.0,55.0,22.0
971,1.0,2023-05-05 18:46:14.000000,14,Wine - Conde De Valdemar,79.0,1,99.0,29.0,20.0
972,2.0,2023-01-05 23:29:41.000000,9,"Wine - White, Concha Y Toro",38.0,2,47.0,23.0,9.0
973,4.0,2023-01-21 21:41:53.000000,16,Kale - Red,88.0,7,110.0,77.0,22.0
974,2.0,2023-01-01 23:30:10.000000,5,rice,450.0,100,562.0,199.0,112.0
975,5.0,2023-05-05 02:29:53.000000,28,"Pasta - Penne, Rigate, Dry",22.0,9,28.0,26.0,6.0
976,3.0,2023-03-01 21:49:25.000000,2,barsoap,62.0,100,78.0,51.0,16.0
977,3.0,2023-07-23 15:46:28.000000,12,Cabbage - Green,25.0,2,31.0,20.0,6.0
978,2.0,2023-05-15 22:29:55.000000,16,Kale - Red,88.0,7,110.0,44.0,22.0
979,3.0,2022-11-04 17:47:34.000000,21,Cheese - Sheep Milk,16.0,2,20.0,13.0,4.0
980,2.0,2022-12-31 15:52:34.000000,2,barsoap,62.0,100,78.0,33.0,16.0
981,2.0,2023-06-27 22:59:55.000000,2,barsoap,62.0,100,78.0,34.0,16.0
982,2.0,2023-04-27 14:34:10.000000,22,Cardamon Ground,32.0,10,40.0,12.0,8.0
983,3.0,2023-08-23 21:25:10.000000,16,Kale - Red,88.0,7,110.0,68.0,22.0
984,5.0,2023-05-04 00:09:52.000000,30,Cake - Pancake,63.0,6,79.0,74.0,16.0
985,2.0,2023-06-29 07:02:42.000000,28,"Pasta - Penne, Rigate, Dry",22.0,9,28.0,14.0,6.0
986,1.0,2023-08-24 13:44:49.000000,30,Cake - Pancake,63.0,6,79.0,17.0,16.0
987,1.0,2023-08-24 17:05:09.000000,25,Pepper - Pablano,17.0,1,22.0,5.0,5.0
988,4.0,2023-04-05 16:43:08.000000,11,Icecream Cone - Areo Chocolate,31.0,3,39.0,27.0,8.0
989,2.0,2023-05-19 15:03:24.000000,24,Ice Cream Bar - Oreo Sandwich,42.0,7,53.0,23.0,11.0
990,5.0,2023-01-08 19:07:53.000000,20,Zucchini - Green,60.0,2,75.0,70.0,15.0
991,4.0,2023-02-16 12:17:04.000000,25,Pepper - Pablano,17.0,1,22.0,18.0,5.0
992,1.0,2023-06-12 20:07:35.000000,20,Zucchini - Green,60.0,2,75.0,16.0,15.0
993,3.0,2022-10-31 09:24:35.000000,5,rice,450.0,100,562.0,292.0,112.0
994,1.0,2023-08-18 22:47:49.000000,3,tissues,30.0,2000,38.0,8.0,8.0
995,2.0,2023-05-24 00:59:52.000000,23,Compound - Mocha,28.0,1,34.0,14.0,6.0
996,3.0,2023-04-09 21:29:09.000000,10,"Lemonade - Mandarin, 591 Ml",44.0,4,55.0,38.0,11.0
997,2.0,2022-10-07 09:29:15.000000,23,Compound - Mocha,28.0,1,34.0,17.0,6.0
998,2.0,2023-01-23 03:36:56.000000,11,Icecream Cone - Areo Chocolate,31.0,3,39.0,13.0,8.0
999,2.0,2023-01-13 06:15:37.000000,18,Milk - Condensed,99.0,1,123.0,46.0,24.0
1000,2.0,2023-03-17 22:47:56.000000,1,omo,126.0,50,157.0,48.0,31.0
1001,3.0,2022-10-21 06:06:03.000000,19,Fennel,91.0,9,114.0,63.0,23.0
1002,4.0,2023-08-25 15:01:12.000000,26,Neckerchief Blck,85.0,9,106.0,92.0,21.0
1003,4.0,2023-05-09 05:18:53.000000,23,Compound - Mocha,28.0,1,34.0,25.0,6.0
1007,5.0,2023-10-07 15:08:15.130672,4,sweets,20.0,1000,25.0,25.0,5.0
1010,9.0,2023-10-07 15:38:27.542737,1,omo,126.0,50,157.0,282.0,31.0
